PC1,PC2,PC3,PC4
5.373076191452324,-0.9105992348605537,1.3302972174127703,-0.3113435807223738
4.979898039229113,-0.6586855913721364,1.3365649066513963,-1.32730257018573
4.960239131617952,-0.6460899091977155,1.3368782911133275,-1.3781005196588985
4.960239131617952,-0.6460899091977155,1.3368782911133275,-1.3781005196588985
4.088438276609094,-0.822998750891563,0.6499876609566551,0.29563462251572564
3.9901437385532907,-0.7600203400194587,0.6515545832663114,0.04164487514988655
3.30208197216267,-0.31917146391472867,0.6625230394339068,-1.736283356410987
3.30208197216267,-0.31917146391472867,0.6625230394339068,-1.736283356410987
2.807043789234476,-1.8763704847544953,0.5496053862499117,-0.23941157496994636
2.5121601750670672,-1.6874352521381826,0.5543061531788811,-1.0013808170674636
2.572298130998059,-1.057441284400216,1.2443610307291695,-0.0950473537312179
2.3757090548864532,-0.9314844626560073,1.2474948753484825,-0.603026848462896
2.2282672478027488,-0.8370168463478508,1.2498452588129672,-0.9840114695116546
1.9825309026632418,-0.6795708191675901,1.2537625645871084,-1.6189858379262523
1.8350890955795374,-0.5851032028594336,1.2561129480515931,-1.999970458975011
0.5177228609720602,-2.4907408517811107,2.5467567094739287,0.8141994502873948
0.22283924680465145,-2.3018056191647975,2.551457476402898,0.052230208189877746
0.12454470874884851,-2.2388272082926934,2.5530243987125547,-0.20175953917596132
-0.02289709833485591,-2.144359591984537,2.555374782177039,-0.58274416022472
-0.4160752505580677,-1.8924459484961196,2.561642471415665,-1.5987031496880761
-0.4160752505580677,-1.8924459484961196,2.561642471415665,-1.5987031496880761
3.9047524950832653,-0.795769751176439,-0.7191799369974712,-0.8655957341417024
4.283483612793027,0.0757813642492094,0.42647191237564935,1.3645976556219177
4.037747267653519,0.23322739142947016,0.43038921814979053,0.72962328720732
3.9394527295977166,0.29620580230157445,0.431956140459447,0.47563353984148093
3.9394527295977166,0.29620580230157445,0.431956140459447,0.47563353984148093
3.693716384458209,0.45365182948183524,0.4358734462335882,-0.15934082857311674
3.0548018870954903,0.8630115001505132,0.4460584412463553,-1.8102741864510705
3.295637242564851,-0.7705096061760687,0.03465271775491319,-0.3112974276776811
3.049900897425344,-0.6130635789958079,0.03857002352905438,-0.9462717960922787
2.853311821313738,-0.48710675725159935,0.04170386814836733,-1.4542512908239569
2.969079420289794,-1.1996518709120616,-0.19378988611181133,-1.677186596680915
2.538778457690268,-1.2717251755874823,-0.22499315634925401,-1.6825505639099207
1.5793048837736885,-0.9886983749170841,2.064043159749096,1.3881393337567507
1.1861267315504767,-0.736784731428667,2.0703108489877216,0.37218034429339447
0.9895376554388706,-0.6108279096844583,2.0734446936070348,-0.13579915043828358
0.8912431173830677,-0.547849498812354,2.0750116159166914,-0.3897888978041226
0.8912431173830677,-0.547849498812354,2.0750116159166914,-0.3897888978041226
0.7929485793272647,-0.4848710879402498,2.0765785382263475,-0.6437786451699617
0.5472122341877573,-0.327425060759989,2.080495844000489,-1.2787530135845593
0.4980649651598559,-0.29593585532393685,2.081279305155317,-1.405747887267479
0.738598595356747,-2.55040029237046,0.6540446693428379,-1.45133795014159
3.2280207852875487,-0.8348823894014654,-0.5541797221383546,-0.15089626854456673
2.343369942785322,-0.2680766915525267,-0.5400774213514464,-2.4368039948371183
2.9331371711201397,-0.6459471567851525,-0.5494789552093853,-0.9128655106420839
2.8348426330643366,-0.5829687459130481,-0.5479120328997288,-1.166855258007923
2.971595478517416,-0.7179762046752827,-0.22527184274829362,-0.020642404964988488
2.9224482094895143,-0.6864869992392305,-0.22448838159346537,-0.14763727864790802
2.548928964877464,-0.4471690379252344,-0.21853407681677078,-1.1127983186380956
2.115015707054315,0.3572039335493905,1.4538570564366635,0.8954680280612299
1.967573899970611,0.451671549857547,1.4562074399011482,0.5144834070124713
1.9380855385538702,0.47056507311917806,1.456677516594045,0.4382864828027204
1.9380855385538702,0.47056507311917806,1.456677516594045,0.4382864828027204
1.8397910004980673,0.5335434839912825,1.4582444389037017,0.18429673543688133
1.790643731470166,0.5650326894273346,1.4590279000585298,0.05730186175396177
1.574395747747399,0.7035851933459643,1.4624751291397742,-0.5014755824508849
1.3778066716357933,0.8295420150901728,1.4656089737590872,-1.009455077182563
1.2795121335799904,0.8925204259622771,1.4671758960687435,-1.263444824548402
2.3026439953404854,-0.7017666966929357,0.85433484677484,1.1718892598102857
2.2043494572846822,-0.6387882858208314,0.8559017690844964,0.9178995124444467
2.056907650200978,-0.5443206695126749,0.8582521525489811,0.536914891395688
1.1722568076987518,0.02248502833626379,0.8723544533358895,-1.7489928348968635
1.5654349599219635,-0.22942861515215343,0.8660867640972636,-0.7330338454335072
1.1525979000875908,0.03508071051068482,0.8726678377978208,-1.799790784370032
1.5073269030686163,-1.1309532182142217,0.27048186020958004,-1.0915869820990458
1.3598850959849118,-1.036485601906065,0.2728322436740648,-1.4725716031478044
1.3107378269570102,-1.004996396470013,0.27361570482889297,-1.599566476830724
0.9922066395039639,-1.7560366074955807,0.06000043804867295,-2.063789577615313
3.7393519888065163,1.2089471329169796,0.36223981249707454,0.8404940824563959
3.7196930811953557,1.2215428150914007,0.36255319695900584,0.7896961329832274
3.690204719778615,1.240436338353032,0.3630232736519028,0.7134992087734763
3.4248094670279468,1.4104780477077137,0.36725396388797527,0.027726890885710162
3.326514928972144,1.473456458579818,0.36882088619763176,-0.2262628564801288
3.2773676599442423,1.50494566401587,0.36960434735246,-0.3532577301630484
3.228220390916341,1.536434869451922,0.37038780850728825,-0.48025260384596785
3.031631314804735,1.6623916911961307,0.3735216531266012,-0.988232098577646
3.378673052655558,-0.32318897874297636,-0.7802982415617399,0.5315947429793794
2.9363476314044448,-0.03978612981850698,-0.7732470911682857,-0.6113591201668964
2.8872003623765434,-0.008296924382454841,-0.7724636300134575,-0.7383539938498159
2.989554698587646,-0.6143366059027598,-0.5851306049979031,0.6111964068574338
2.79296562247604,-0.4883797841585513,-0.5819967603785902,0.10321691212575568
2.399787470252828,-0.23646614067013413,-0.5757290711399643,-0.9127420773376006
2.0818069171740885,-0.2222859600445522,0.7286206057907543,1.4369995580147508
1.7181171263676176,0.010734160182233858,0.7344182183364832,0.49723749276114587
1.6198225883118147,0.07371257105433816,0.7359851406461397,0.24324774539530677
1.2757917051165044,0.2941370091067032,0.7414693687299374,-0.6457163703851299
1.2266444360886029,0.32562621454275537,0.7422528298847656,-0.7727112440680495
1.1774971670607015,0.35711541997880747,0.7430362910395939,-0.899706117750969
1.1774971670607015,0.35711541997880747,0.7430362910395939,-0.899706117750969
1.7924003915395945,-1.1036799617138058,-0.7432753550460114,-1.3552302658503743
1.1960039997294512,-1.3094106095834592,-0.21998330024694196,-1.0183798647098221
0.9011203855620421,-1.1204753769671463,-0.21528253331797254,-1.7803491068073394
1.063612677704137,-1.096521090749485,0.6621053692478703,0.4755347572361563
1.063612677704137,-1.096521090749485,0.6621053692478703,0.4755347572361563
0.9161708706204325,-1.0020534744413283,0.664455752712355,0.09455013618739774
0.5229927183972207,-0.7501398309529111,0.670723441950981,-0.9214088532759586
0.3264036422856148,-0.6241830092087025,0.673857286570294,-1.4293883480076366
1.0399031300927761,-1.5270134710534797,0.2018076304960686,-0.08635592709370091
0.8433140539811701,-1.4010566493092713,0.20494147511538155,-0.5943354218253791
0.45013590175795826,-1.149143005820854,0.21120916435400744,-1.6102944112887354
1.2474828931074726,-0.9914871196236698,0.8895121245818723,1.2009621572913032
0.6577156647726549,-0.613616654391044,0.8989136584398112,-0.322976326903731
1.0017465479679653,-0.8340410924434091,0.8934294303560135,0.5659877888767055
0.9525992789400637,-0.8025518870073569,0.8942128915108418,0.4389929151937861
0.6085683957447534,-0.5821274489549918,0.8996971195946395,-0.4499712005866506
0.264537512549443,-0.3617030109026268,0.9051813476784372,-1.3389353163670874
1.273615016580691,-1.328983344633852,0.23614474535282368,-0.5889714545963718
1.2441266551639505,-1.3100898213722207,0.23661482204572062,-0.6651683788061227
1.194979386136049,-1.2786006159361687,0.23739828320054884,-0.7921632524890423
0.2830443452181876,-2.0282290404648946,-0.05783824360809922,-1.4576090633259389
0.8483699794656178,-1.1986892285076653,1.2173841554392109,0.6907542519227947
0.7500754414098149,-1.135710817635561,1.2189510777488675,0.4367645045569557
0.7500754414098149,-1.135710817635561,1.2189510777488675,0.4367645045569557
0.3568972891866031,-0.8837971741471436,1.2252187669874934,-0.5791944849064005
0.2586027511308001,-0.8208187632750394,1.2267856892971498,-0.8331842322722396
0.2586027511308001,-0.8208187632750394,1.2267856892971498,-0.8331842322722396
1.0185252068315302,-1.608093155961635,0.8517887777279088,1.4441005368946491
0.8219361307199241,-1.4821363342174263,0.8549226223472218,0.936121042162971
0.5270525165525153,-1.2932011016011133,0.8596233892761912,0.17415180006545392
0.3796107094688109,-1.198733485292957,0.861973772740676,-0.2068328209833047
-0.013567442754400857,-0.9468198418045397,0.8682414619793019,-1.2227918104466609
0.8219361307199241,-1.4821363342174263,0.8549226223472218,0.936121042162971
0.7727888616920227,-1.4506471287813743,0.85570608350205,0.8091261684800515
0.7727888616920227,-1.4506471287813743,0.85570608350205,0.8091261684800515
0.6253470546083183,-1.3561795124732177,0.8580564669665348,0.4281415474312929
0.4287579784967124,-1.2302226907290092,0.8611903115858477,-0.07983794730038517
0.0610267058451358,-2.426439966107257,0.13466562502932097,-0.9462248289259555
3.7623428044548097,0.26204919760527706,-0.7797934668059507,2.06650802824139
3.369164652231598,0.5139628410936943,-0.7735257775673249,1.050549038778034
3.270870114175795,0.5769412519657986,-0.7719588552576684,0.7965592914121951
3.172575576119992,0.6399196628379029,-0.7703919329480119,0.5425695440463559
2.681102885840977,0.9548117171984244,-0.7625573213997295,-0.7273791927828394
2.574158443387298,-0.28042968283426695,-0.6132610277000698,0.916107537000925
2.5544995357761375,-0.2678340006598459,-0.6129476432381386,0.8653095875277564
2.161321383552926,-0.015920357171428715,-0.6066799539995127,-0.15064940193559975
1.96473230744132,0.1100364645727799,-0.6035461093801997,-0.658628896667278
1.8704975675408118,-0.3700463952033179,-0.41307923974533306,0.18294200930829535
1.575613953373403,-0.181111162587005,-0.40837847281636364,-0.5790272327892219
1.575613953373403,-0.181111162587005,-0.40837847281636364,-0.5790272327892219
1.5264666843455015,-0.14962195715095283,-0.4075950116615354,-0.7060221064721414
1.7467653080684682,0.15491360140883353,0.04956888247095333,0.36384807258939406
1.6484707700126653,0.2178920122809378,0.0511358047806098,0.10985832522355507
1.599323500984764,0.24938121771698998,0.05191926593543804,-0.017136548459364524
1.3535871558452566,0.4068272448972507,0.05583657170957923,-0.6521109168739622
1.206145348761552,0.5012948612054072,0.05818695517406395,-1.0330955379227207
1.0587035416778476,0.5957624775135637,0.06053733863854866,-1.4140801589714793
2.0925243650689582,-0.9579848026875737,-0.877294284271276,0.2560256933930357
1.6993462128457466,-0.7060711591991564,-0.8710265950326501,-0.7599332960703206
2.3983986661394576,-0.48543686212986803,-0.19115671249512872,1.7973335251438791
2.0052205139162456,-0.2335232186414508,-0.1848890232565028,0.7813745356805227
1.9069259758604429,-0.1705448077693465,-0.18332210094684634,0.5273847883146837
1.4154532855814284,0.144347246591175,-0.17548748939856396,-0.7425639485145116
1.4154532855814284,0.144347246591175,-0.17548748939856396,-0.7425639485145116
2.1719163718960064,-1.3933652339932767,-0.8288522963988069,-0.03618348431224687
1.7487952071461181,-0.11661703391526697,0.14401885613355878,0.9116283992600994
1.7487952071461181,-0.11661703391526697,0.14401885613355878,0.9116283992600994
1.650500669090315,-0.05363862304316266,0.14558577844321524,0.6576386518942604
1.4539115929787092,0.07231819870104593,0.1487196230625282,0.14965915716258235
1.1590279788113005,0.26125343131735884,0.15342038999149762,-0.6123100849349349
1.0607334407554976,0.3242318421894631,0.1549873123011541,-0.8662998323007739
2.2811487806842763,-1.2715267414800933,-0.6532737609344811,0.7219759455488545
1.5144513838490141,-0.7802951366776798,-0.6410517669191605,-1.2591440839046895
1.6442641823992024,-1.1336977061355171,-0.5486387922591092,-0.38117708565839237
1.5656285519545603,-1.083314977437834,-0.547385254411384,-0.5843688835510629
1.3466562670974604,-0.79771719892497,-0.44610181967032714,-0.33588885318587586
1.3466562670974604,-0.79771719892497,-0.44610181967032714,-0.33588885318587586
0.7568890387626427,-0.4198467336923442,-0.4367002858123883,-1.8598273373809102
0.6482072643486896,0.2235351654456249,0.9056861224342256,0.19597796889492536
0.6482072643486896,0.2235351654456249,0.9056861224342256,0.19597796889492536
0.5990599953207881,0.25502437088167706,0.9064695835890539,0.06898309521200581
0.5007654572649852,0.3180027817537813,0.9080365058987104,-0.18500665215383322
0.5007654572649852,0.3180027817537813,0.9080365058987104,-0.18500665215383322
0.4516181882370837,0.3494919871898335,0.9088199670535386,-0.3120015258367527
0.4024709192091822,0.38098119262588565,0.9096034282083668,-0.4389963995196723
0.35332365018128076,0.4124703980619378,0.9103868893631951,-0.5659912732025918
1.744641435703284,-0.9915404825429895,0.05793714002497478,0.6957618955362144
1.6463468976474809,-0.9285620716708853,0.05950406233463125,0.44177214817037536
1.5971996286195795,-0.8970728662348332,0.06028752348945949,0.31477727448745585
1.2531687454242693,-0.6766484281824681,0.06577175157325715,-0.5741868412929809
0.9575379130295484,-1.0888648260847538,-0.25093418310649035,-0.2562871893078213
0.9575379130295484,-1.0888648260847538,-0.25093418310649035,-0.2562871893078213
0.9575379130295484,-1.0888648260847538,-0.25093418310649035,-0.2562871893078213
1.4844052398797027,-0.187295966237394,0.7000811034797282,0.9998530202638166
1.3861107018238998,-0.12431755536528968,0.7016480257893847,0.7458632728979776
1.287816163768097,-0.06133914449318537,0.7032149480990412,0.49187352553213853
0.894638011544885,0.19057449899523182,0.709482637337667,-0.5240854639312177
0.7471962044611806,0.28504211530338824,0.7118330208021517,-0.9050700849799762
0.7471962044611806,0.28504211530338824,0.7118330208021517,-0.9050700849799762
0.5014598593216733,0.44248814248364904,0.7157503265762929,-1.5400444533945739
1.7054359100786962,-1.5206630651714579,-0.5876766740448338,0.8834076839417956
0.6241959914648637,-0.8279005455783105,-0.5704405286386126,-1.9104795370824341
0.6557762262849726,-1.6278077675019293,-0.2344789266262924,-0.42686546055919006
0.36089261211756374,-1.4388725348856164,-0.229778159697323,-1.1888347026567072
0.9341300906906526,-0.8984138756688081,0.30459699046274435,0.7263889480098233
0.5409519384674408,-0.6465002321803909,0.3108646797013702,-0.2895700414535328
0.44265740041163787,-0.5835218213082866,0.3124316020110267,-0.543559788819372
0.3443628623558349,-0.5205434104361824,0.3139985243206832,-0.797549536185211
0.1969210552721305,-0.4260757941280259,0.3163489077851679,-1.1785341572339696
0.4921063947120145,0.0059323039756041295,1.327477053177236,1.1280019065110463
0.3938118566562116,0.06891071484770843,1.3290439754868926,0.8740121591452072
0.3938118566562116,0.06891071484770843,1.3290439754868926,0.8740121591452072
-0.19595537167860605,0.44678118008033424,1.3384455093448313,-0.6499263250498271
-0.09766083362280309,0.3838027692082299,1.336878587035175,-0.39593657768398793
-0.09766083362280309,0.3838027692082299,1.336878587035175,-0.39593657768398793
-0.19595537167860605,0.44678118008033424,1.3384455093448313,-0.6499263250498271
-0.294249909734409,0.5097595909524386,1.340012431654488,-0.9039160724156661
-0.294249909734409,0.5097595909524386,1.340012431654488,-0.9039160724156661
0.8014370433928734,-1.3064676875547743,0.17085674763652017,0.6757367483082997
0.8014370433928734,-1.3064676875547743,0.17085674763652017,0.6757367483082997
0.7031425053370705,-1.24348927668267,0.17242366994617664,0.4217470009424606
0.06422800797435131,-0.834129606013992,0.18260866495894376,-1.2291863569354933
0.35045255958878446,-1.3351353164084836,0.5973484453084996,0.8457914438269051
0.2521580215329815,-1.2721569055363793,0.5989153676181561,0.5918016964610661
-0.28846193777393464,-0.9257756457398056,0.6075334403212667,-0.8051419140510487
-0.48505101388554056,-0.799818823995597,0.6106672849405796,-1.3131214087827268
-0.5833455519413435,-0.7368404131234927,0.6122342072502361,-1.567111156148566
0.4487470976445874,-1.398113727280588,0.5957815229988431,1.0997811911927442
0.301305290560883,-1.3036461109724315,0.5981319064633278,0.7187965701439856
0.301305290560883,-1.3036461109724315,0.5981319064633278,0.7187965701439856
-0.28846193777393464,-0.9257756457398056,0.6075334403212667,-0.8051419140510487
-0.7307873590250479,-0.6423727968153362,0.6145845907147208,-1.9480957771973244
0.4467171985669376,-1.1265830919564874,0.5013315493362378,0.5520008645220387
-0.14305002976788006,-0.7487126267238616,0.5107330831941767,-0.9719376196729955
-0.14305002976788006,-0.7487126267238616,0.5107330831941767,-0.9719376196729955
-0.14305002976788006,-0.7487126267238616,0.5107330831941767,-0.9719376196729955
-0.2904918368515845,-0.6542450104157052,0.5130834666586613,-1.352922240721754
0.17757303108853945,-0.77868611436028,1.060780028679614,0.8997026334250843
0.12842576206063797,-0.7471969089242279,1.0615634898344424,0.7727077597421647
0.03013122400483506,-0.6842184980521235,1.0631304121440988,0.5187180123763258
0.03013122400483506,-0.6842184980521235,1.0631304121440988,0.5187180123763258
-0.2647523901625738,-0.4952832654358107,1.0678311790730683,-0.2432512297211914
-0.4121941972462782,-0.4008156491276542,1.070181562537553,-0.62423585076995
-0.46134146627417966,-0.36932644369160206,1.0709650236923811,-0.7512307244528695
-0.6758521180366721,-2.109397238943633,-0.11867786177332879,-1.7223267451497877
-0.9712751984464622,-3.318655025401901,0.683263347084587,1.0198338781003997
-1.2170115435859694,-3.1612089982216403,0.6871806528587282,0.38485950968580207
2.7629581347250243,0.5244406823407693,-1.2592901710948774,0.36178691406974084
2.664663596669221,0.5874190932128737,-1.2577232487852208,0.10779716670390176
2.5663690586134185,0.650397504084978,-1.2561563264755644,-0.14619258066193722
2.5663690586134185,0.650397504084978,-1.2561563264755644,-0.14619258066193722
2.5409313371968776,1.112379089825025,-0.7950751265689343,0.28870322998500036
2.413148437724334,1.1942510239587603,-0.7930381275663809,-0.04148344159058966
2.3443422610852718,1.2383359115692334,-0.7919412819496214,-0.2192762647466777
2.147753184973666,1.364292733313442,-0.7888074373303084,-0.7272557594783559
1.9511641088620602,1.4902495550576507,-0.7856735927109955,-1.235235254210034
1.7545750327504543,1.6162063768018593,-0.7825397480916826,-1.743214748941712
2.952616322088834,-0.8060605832256598,-1.7643624070940964,1.1859884724895051
1.8245607587972204,0.26760383719938086,-0.6360639145494046,0.3574535261005617
1.7262662207414174,0.3305822480714851,-0.6344969922397482,0.1034637787347227
1.4313826065740087,0.5195174806877981,-0.6297962253107787,-0.6585054633627945
1.2347935304624027,0.6454743024320067,-0.6266623806914657,-1.1664849580944727
0.841615378239191,0.8973879459204239,-0.6203946914528399,-2.182443947557829
1.8262889326024,-0.6248701288446612,-1.5574428532078364,-0.6393329688762334
1.5536884175136374,1.5079747808396289,0.8447635034524028,1.7019417899804037
1.4553938794578345,1.5709531917117332,0.8463304257620593,1.4479520426145647
1.4553938794578345,1.5709531917117332,0.8463304257620593,1.4479520426145647
0.9147739201509183,1.9173344515083068,0.85494849846517,0.05100843210244996
1.1801691729015866,1.747292742153625,0.8507178082290974,0.736780749990216
0.9835800967899806,1.8732495638978337,0.8538516528484104,0.22880125525853803
0.9147739201509183,1.9173344515083068,0.85494849846517,0.05100843210244996
0.8656266511230167,1.9488236569443589,0.8557319596199982,-0.07598644158046956
0.8656266511230167,1.9488236569443589,0.8557319596199982,-0.07598644158046956
0.6886964826225718,2.0621847965141464,0.8585524197773798,-0.5331679868389793
0.6395492135946703,2.0936740019501987,0.859335880932208,-0.6601628605218987
1.4913737730468322,-0.7451395406388922,-0.35061599747499916,0.8523532424329162
1.3144436045463872,-0.6317784010691047,-0.34779553731761753,0.39517169717440676
1.1964901588794234,-0.5562043080225794,-0.34591523054602974,0.09038400033539915
1.1473428898515219,-0.5247151025865272,-0.3451317693912015,-0.03661087334752045
1.0363294910874488,-0.23074589884439944,-0.11302424712823005,-0.07315271538989059
0.7414458769200398,-0.041810666228086546,-0.10832348019926062,-0.8351219574874078
0.3974149937247295,0.1786137718242785,-0.10283925211546295,-1.7240860732678445
0.3482677246968281,0.21010297726033064,-0.10205579096063472,-1.8510809469507639
0.3482677246968281,0.21010297726033064,-0.10205579096063472,-1.8510809469507639
1.1556092756202798,0.2838133451817253,0.44354277497372785,1.5499851908758393
1.057314737564477,0.3467917560538296,0.44510969728338434,1.29599544351
0.9098729304807723,0.4412593723619861,0.447460080747869,0.9150108224612415
0.36925297117385614,0.7876406321585597,0.4560781534509797,-0.48193278805087314
0.36925297117385614,0.7876406321585597,0.4560781534509797,-0.48193278805087314
0.3201057021459547,0.8191298375946119,0.45686161460580793,-0.6089276617337928
0.17266389506225024,0.9135974539027684,0.4592119980702926,-0.9899122827825513
0.07436935700644731,0.9765758647748727,0.4607789203799491,-1.2439020301483905
0.7514404364939774,-0.12575618450387605,-0.24102787449276283,-0.2453123882408431
0.5548513603823715,0.00020063724033256408,-0.2378940298734499,-0.7532918829725213
0.50570409135447,0.03168984267638472,-0.23711056871862166,-0.8802867566554408
0.3091150152428641,0.15764666442059333,-0.2339767240993087,-1.388266251387119
0.3091150152428641,0.15764666442059333,-0.2339767240993087,-1.388266251387119
0.9844579209252144,-0.05221141881411324,-0.014404580313589103,0.6071098854972233
0.9844579209252144,-0.05221141881411324,-0.014404580313589103,0.6071098854972233
0.6895743067578056,0.13672381380219964,-0.009703813384619673,-0.15485935660029376
0.4929852306461997,0.26268063554640825,-0.0065699687653067215,-0.6628388513319718
0.4929852306461997,0.26268063554640825,-0.0065699687653067215,-0.6628388513319718
0.2963961545345938,0.3886374572906169,-0.0034361241459937675,-1.17081834606365
1.807242633691269,-0.3565371183569762,0.20281718000764581,2.9834706434303238
1.4140644814680574,-0.10462347486855907,0.2090848692462717,1.9675116539669681
1.0208863292448456,0.14729016861985816,0.21535255848489762,0.9515526645036118
0.8242972531332396,0.27324699036406674,0.21848640310421058,0.44357316977193373
0.6277081770216338,0.3992038121082754,0.22162024772352354,-0.06440632495974442
0.4999252775490903,0.48107574624201077,0.22365724672607695,-0.3945929965353344
0.13623548674261907,0.714095866468797,0.22945485927180592,-1.3343550617889397
1.4649399243011385,-1.0285866463486533,-0.7130775305669881,1.0977200326730925
1.4157926552732372,-0.997097440912601,-0.7122940694121599,0.970725158990173
0.6785836198547149,-0.5247593593718188,-0.7005421520897362,-0.93419794625362
1.1336279018140987,-1.039153001166312,-0.9381339024365055,-0.008691988430813011
1.1336279018140987,-1.039153001166312,-0.9381339024365055,-0.008691988430813011
1.0024453610802775,-0.003032530400180019,0.27233592714439175,1.2294229110328665
0.8058562849686716,0.12292429134402859,0.2754697717637047,0.7214434163011882
0.678073385496128,0.204796225477764,0.2775067707662581,0.39125674472559835
0.46182540177336123,0.3433487293963936,0.28095399984750236,-0.16752069947924828
0.3635308637175583,0.4063271402684979,0.28252092215715885,-0.4215104468450873
0.2848952332729162,0.4567098689661812,0.28377446000488404,-0.6247022447377579
0.26523632566175537,0.46930555114060224,0.28408784446681534,-0.6755001942109264
0.6022796137601928,-0.12496393527829434,0.4109902717416312,0.9549574041719152
0.5334734371211305,-0.08087904766782116,0.41208711735839076,0.7771645810158272
0.3368843610095246,0.045077774076387446,0.41522096197770375,0.2691850862841492
0.23858982295372166,0.10805618494849174,0.4167878842873602,0.015195338918310118
0.1402952848979187,0.17103459582059605,0.4183548065970167,-0.23879440844752892
0.042000746842115785,0.23401300669270034,0.4199217289066732,-0.49278415581336793
0.23858982295372166,0.10805618494849174,0.4167878842873602,0.015195338918310118
0.7190718263296458,-0.8683190425860482,-0.2818850659660388,0.5058054860941792
0.5224827502180399,-0.7423622208418396,-0.2787512213467258,-0.0021740086374988205
0.39469985074549635,-0.6604902867081042,-0.2767142223441724,-0.33236068021308884
0.27674640507853254,-0.5849161936615788,-0.27483391557258463,-0.6371483770520965
0.9316184435186649,-0.6735663405922232,-0.09272837678997624,1.088317679690795
0.735029367407059,-0.5476095188480146,-0.08959453217066328,0.5803381849591169
-0.002179668011463065,-0.07527143730723238,-0.0778426148482397,-1.324584920284676
-0.12996256748400656,0.006600496826503007,-0.07580561584568629,-1.654771591860266
-0.23808655934539,0.07587674878581785,-0.07408200130506416,-1.9341603139626893
1.0513799761458391,-0.11232399631858178,0.7667140389020974,1.8017465276048463
0.6090545548947256,0.1710788526058876,0.7737651892955516,0.6587926644585704
0.5599072858668241,0.20256805804193972,0.7745486504503798,0.5317977907756509
0.46161274781102124,0.26554646891404404,0.7761155727600363,0.2778080434098119
0.46161274781102124,0.26554646891404404,0.7761155727600363,0.2778080434098119
0.46161274781102124,0.26554646891404404,0.7761155727600363,0.2778080434098119
0.2158764026715139,0.4229924960943048,0.7800328785341775,-0.35716632500478573
0.16672913364361241,0.45448170153035694,0.7808163396890058,-0.4841611986877052
0.3028785285517612,-0.9224124186717583,-0.928201294801632,-2.427081988939775
0.5224827502180399,-0.7423622208418396,-0.2787512213467258,-0.0021740086374988205
0.2275991360506311,-0.5534269882255267,-0.2740504544177564,-0.764143250735016
0.12930459799482816,-0.4904485773534224,-0.27248353210809995,-1.0181329981008551
-0.06728447811677774,-0.3644917556092138,-0.26934968748878696,-1.5261124928325331
0.5080357157045898,0.38110253807222594,0.8731683172650208,1.212060391662765
0.4097411776487869,0.44408094894433026,0.8747352395746772,0.9580706442969259
0.4097411776487869,0.44408094894433026,0.8747352395746772,0.9580706442969259
0.4097411776487869,0.44408094894433026,0.8747352395746772,0.9580706442969259
0.3605939086208855,0.4755701543803824,0.8755187007295054,0.8310757706140063
0.2622993705650825,0.5385485652524867,0.8770856230391619,0.5770860232481673
0.311446639592984,0.5070593598164346,0.8763021618843336,0.7040808969310869
-0.08173151263022774,0.7589730033048517,0.8825698511229596,-0.3118780925322693
-0.1800260506860307,0.821951414176956,0.8841367734326161,-0.5658678398981084
0.3548718011645826,0.09425666249031937,0.7019614694356842,0.8914981118197939
0.059988186997173794,0.2831918951066323,0.7066622363646535,0.12952886972227678
-0.08745362008653061,0.3776595114147887,0.7090126198291382,-0.2514557513264818
-0.2643837885869756,0.49102065098457626,0.7118330799865199,-0.7086372965849913
-0.3135310576148771,0.5225098564206285,0.7126165411413482,-0.8356321702679109
-0.38233723425393945,0.5665947440311017,0.7137133867581077,-1.013424993423999
-0.41182559567068,0.5854882672927327,0.7141834634510046,-1.0896219176337498
-0.5297790413376439,0.6610623603392581,0.7160637702225924,-1.3944096144727574
0.5165479887994021,-1.201477973214251,0.04285312027198728,0.5035770754573471
0.36910618171569765,-1.1070103569060945,0.045203503736471994,0.12259245440858862
0.07422256754828885,-0.9180751242897816,0.049904270665441425,-0.6393767876889286
-0.12236650856331703,-0.792118302545573,0.05303811528475438,-1.1473562824206067
0.7004182042027377,-1.096444002088436,0.27025987560598924,1.2290044755124943
0.35638732100742737,-0.876019564036071,0.2757441036897869,0.34004035973205754
0.1597982448958215,-0.7500627422918623,0.27887794830909984,-0.1679391349996206
-0.08593810024368584,-0.5926167151116016,0.2827952540832411,-0.8029135034142183
-0.13508536927158732,-0.5611275096755495,0.28357871523806927,-0.9299083770971378
0.6228071873514877,-1.0768712670380456,-0.1858681699937774,0.7995960653990472
0.2787763041561774,-0.8564468289856805,-0.18038394190997972,-0.08936805038138947
0.2787763041561774,-0.8564468289856805,-0.18038394190997972,-0.08936805038138947
-0.11440184806703439,-0.6045331854972633,-0.1741162526713538,-1.1053270398447457
0.13336439615012785,-1.0335098480016234,-0.08358358478288905,0.07742765524055568
0.035069858094324904,-0.9705314371295188,-0.08201666247323258,-0.17656209212528337
-0.2893021174898245,-0.7627026812515748,-0.07684581885136621,-1.0147282584325514
-0.45640283218468986,-0.6556393827689974,-0.0741820509249502,-1.4465108289544788
0.3299534722617337,-1.1594666697458318,-0.086717429402202,0.5854071499722336
-0.014077410933576562,-0.9390422316934667,-0.08123320131840434,-0.3035569658082029
-0.45640283218468986,-0.6556393827689974,-0.0741820509249502,-1.4465108289544788
-0.5546973702404927,-0.592660971896893,-0.07261512861529372,-1.7005005763203176
0.07655419189840373,-0.5686624288939417,1.1601831566490832,1.4529703606292788
-0.12003488421320217,-0.4427056071497331,1.1633170012683962,0.9449908658976006
-0.16918215324110367,-0.41121640171368096,1.1641004624232245,0.8179959922146811
-0.16918215324110367,-0.41121640171368096,1.1641004624232245,0.8179959922146811
-0.31662396032480805,-0.31674878540552454,1.1664508458877092,0.43701137116592265
-0.6115075744922168,-0.1278135527892116,1.1711516128166786,-0.3249578709315945
-0.7098021125480198,-0.0648351419171073,1.172718535126335,-0.5789476182974336
-0.8080966506038227,-0.0018567310450029939,1.1742854574359916,-0.8329373656632727
0.20838246339450708,-0.5286626326670637,0.7424505290791313,1.0093415225044546
0.11008792533870419,-0.46568422179495944,0.7440174513887878,0.7553517751386157
0.060940656310802706,-0.4341950163589073,0.744800912543616,0.6283569014556962
-0.3322374959124091,-0.18228137287049007,0.751068601782242,-0.38760208800765994
-0.4501909415793729,-0.10670727982396473,0.7529489085538298,-0.6923897848466676
-0.49933821060727435,-0.07521807438791257,0.753732369708658,-0.8193846585295871
-0.528826572024015,-0.05632455112628148,0.754202446401555,-0.8955815827393381
0.3858848405792626,-1.8810624204243203,0.0035628511083672667,1.0007052024265322
0.3858848405792626,-1.8810624204243203,0.0035628511083672667,1.0007052024265322
-0.7936496160903727,-1.1253214899590687,0.022365918824244987,-2.0471717659635367
-0.20659753073479326,-2.3422960137240785,-0.16091058526240384,0.8684921112862548
-0.6194345905691658,-2.07778668806124,-0.15432951156184663,-0.1982648276502698
-1.1322852041094214,-1.8439743186088724,0.5034862472182766,0.06224289950888349
-1.3780215492489287,-1.6865282914286115,0.5074035529924178,-0.5727314689057141
-1.3288742802210272,-1.7180174968646638,0.5066200918375896,-0.4457365952227946
-1.5254633563326332,-1.5920606751204551,0.5097539364569026,-0.9537160899544728
-1.2051420207486836,-2.242977493476815,0.04397196962130303,-0.6266426585038933
-1.2051420207486836,-2.242977493476815,0.04397196962130303,-0.6266426585038933
-1.2117711842240095,-2.8265786065790945,0.5578624905624338,1.2341462268316932
-1.89983295061463,-2.3857297304743645,0.5688309467300291,-0.5437820047291801
-2.0472747576983346,-2.2912621141662077,0.5711813301945139,-0.9247666257779388
-1.4809153517024125,-2.4786816289828884,1.1173109699058095,1.5818479957347404
-2.0706825800372304,-2.1008111637502624,1.1267125037637484,0.057909511539706075
-2.0706825800372304,-2.1008111637502624,1.1267125037637484,0.057909511539706075
-2.1689771180930335,-2.037832752878158,1.1282794260734048,-0.19608023582613293
-2.3655661942046393,-1.9118759311339495,1.1314132706927178,-0.7040597305578111
2.2171912984219126,1.7858558220457526,-0.03917077475110429,2.1239250743451934
1.824013146198701,2.03776946553417,-0.032903085512478385,1.1079660848818371
1.7257186081428981,2.100747876406274,-0.031336163202821905,0.8539763375159981
1.3325404559196865,2.352661519894691,-0.025068473964195998,-0.16198265194735798
1.3325404559196865,2.352661519894691,-0.025068473964195998,-0.16198265194735798
1.283393186891785,2.3841507253307435,-0.02428501280936776,-0.2889775256302775
1.2342459178638836,2.4156399307667957,-0.02350155165453952,-0.415972399313197
1.2342459178638836,2.4156399307667957,-0.02350155165453952,-0.415972399313197
1.1359513798080805,2.4786183416389,-0.021934629344883043,-0.6699621466790362
1.1359513798080805,2.4786183416389,-0.021934629344883043,-0.6699621466790362
1.109069016331753,-0.320423083855458,-1.8110997244724172,-1.3646369356268968
1.1715385966128602,0.6589835792783486,-0.010765960938487027,1.6340436760275563
1.0732440585570573,0.7219619901504529,-0.00919903862883055,1.380053928661717
1.0437556971403166,0.740855513412084,-0.00872896193593361,1.3038570044519662
1.0240967895291557,0.7534511955865051,-0.008415577474002312,1.2530590549787977
0.43432956119433797,1.1313216608191308,0.000985956383936548,-0.27087942921623664
0.3851822921664365,1.1628108662551828,0.001769417538764786,-0.3978743028991561
0.15910485463809,1.3076612112610226,0.005373338850974678,-0.9820507218405854
0.13944594702692914,1.3202568934354437,0.0056867233129059775,-1.032848671313754
1.303939076793274,-0.5400552726822424,-1.1645658063218214,0.7245969725662998
1.284280169182113,-0.5274595905078214,-1.1642524218598902,0.6737990230931313
1.1859856311263102,-0.4644811796357171,-1.1626854995502336,0.4198092757272923
1.887975039516694,-0.3130898966783133,-1.0758133955850588,1.7244898794823982
1.7896805014608912,-0.25011148580620896,-1.0742464732754025,1.4705001321165592
1.5930914253492854,-0.12415466406200033,-1.0711126286560895,0.9625206373848809
1.249060542153975,0.09626977399036472,-1.0656284005722918,0.07355652160444426
1.0003872419177948,0.32295881528251,-0.46871331622580403,0.6911683706489403
0.8529454348340904,0.41742643159066645,-0.4663629327613193,0.3101837496001818
0.8037981658061889,0.4489156370267186,-0.46557947160649105,0.18318887591726232
0.5089145516387801,0.6378508696430315,-0.4608787046775216,-0.5787803661802549
0.31232547552717416,0.7638076913872401,-0.4577448600582087,-1.086759860911933
0.2631782064992727,0.7952968968232923,-0.45696139890338044,-1.2137547345948525
1.4279639033829878,0.5420773945521646,-0.33967384032854864,1.5037898124479796
1.231374827271382,0.6680342162963732,-0.33653999570923565,0.9958103177163015
1.1822275582434805,0.6995234217324253,-0.33575653455440746,0.868815444033382
1.1822275582434805,0.6995234217324253,-0.33575653455440746,0.868815444033382
0.8381966750481702,0.9199478597847904,-0.3302723064706098,-0.020148671747054682
0.7399021369923672,0.9829262706568948,-0.3287053841609533,-0.2741384191128937
0.24842944671335254,1.297818325017416,-0.3208707726126709,-1.544087155942089
1.5544204639896642,-0.12992787665422087,-0.9001581682046476,0.5156262745968473
1.2595368498222552,0.05900735596209203,-0.8954574012756781,-0.24634296750066975
0.9646532356548464,0.24794258857840493,-0.8907566343467087,-1.008312209598187
0.915505966626945,0.27943179401445706,-0.8899731731918804,-1.1353070832811065
1.2932409570075538,0.40555421799029745,-0.5678640568173787,0.9053572860757522
1.0475046118680464,0.5630002451705582,-0.5639467510432375,0.2703829176611545
0.9492100738122434,0.6259786560426626,-0.562379828733581,0.01639317029531549
0.801768266728539,0.720446272350819,-0.5600294452690964,-0.36459145075344307
0.5068846525611301,0.9093815049671319,-0.5553286783401269,-1.1265606928509604
0.5068846525611301,0.9093815049671319,-0.5553286783401269,-1.1265606928509604
1.2234101667750945,0.48044909924806223,-0.10938562775312793,0.9537810751404422
1.2234101667750945,0.48044909924806223,-0.10938562775312793,0.9537810751404422
1.174262897747193,0.5119383046841144,-0.10860216659829969,0.8267862014575226
1.174262897747193,0.5119383046841144,-0.10860216659829969,0.8267862014575226
0.7810847455239812,0.7638519481725317,-0.10233447735967378,-0.1891727880058335
0.6827902074681782,0.826830359044636,-0.1007675550500173,-0.44316253537167255
0.5844956694123753,0.8898087699167402,-0.09920063274036084,-0.6971522827375116
1.1096724668766884,0.9214635775844243,0.22055810016965616,1.7244967076681055
1.0113779288208855,0.9844419884565286,0.22212502247931265,1.4705069603022665
0.7164943146534765,1.1733772210728415,0.22682578940828207,0.7085377182047494
0.7164943146534765,1.1733772210728415,0.22682578940828207,0.7085377182047494
0.47075796951396914,1.3308232482531022,0.23074309518242325,0.07356334979015176
0.3724634314581662,1.3938016591252065,0.23231001749207975,-0.1804263975756873
0.3724634314581662,1.3938016591252065,0.23231001749207975,-0.1804263975756873
0.32331616243026473,1.4252908645612585,0.23309347864690796,-0.3074212712586068
0.2250216243744618,1.4882692754333628,0.23466040095656446,-0.5614110186244459
0.5494027581137058,0.2942911864288007,-0.0422216185538246,0.8612230661675458
0.4019609510300014,0.3887588027369571,-0.03987123508933989,0.4802384451187873
0.254519143946297,0.4832264190451136,-0.03752085162485517,0.09925382407002874
0.05793006783469111,0.6091832407893222,-0.03438700700554222,-0.40872567066164933
-0.04036447022111184,0.6721616516614265,-0.032820084695885744,-0.6627154180274885
-0.0895117392490133,0.7036508570974787,-0.032036623541057505,-0.789710291710408
-0.3352480843885206,0.8610968842777394,-0.02811931776691631,-1.4246846601250054
0.5119497362006826,0.12559959264212212,0.1854028260951806,0.7429968993819339
0.34484902150581737,0.23266289112469962,0.18806659402159662,0.3112143288600069
-0.44150728294060615,0.736490178101534,0.20060197249884842,-1.7207036500667054
0.06962431494956939,0.4090024415665915,0.19245397648863474,-0.39995696376434176
0.0008181383105070553,0.4530873291770647,0.1935508221053943,-0.5777497869204299
-0.077817492134135,0.503470057874748,0.19480435995311945,-0.7809415848131003
-0.44150728294060615,0.736490178101534,0.20060197249884842,-1.7207036500667054
0.5876213145642402,-0.908164255519156,-0.4918617133711572,1.068516175839925
0.07648971667406464,-0.5806765189842135,-0.48371371736094354,-0.25223051046243855
-0.07095209040963976,-0.4862089026760571,-0.4813633338964588,-0.6332151315111971
-0.2183938974933442,-0.3917412863679006,-0.4790129504319741,-1.0141997525599558
-0.10540341582224995,-1.433907395222861,-1.1303633799634751,-0.7050464910049425
-0.07966396913323413,-1.274945650242965,-0.5756156675490675,0.4046245199956186
-0.2271057762169386,-1.1804780339348087,-0.5732652840845827,0.023639898946859954
-0.6202839284401503,-0.9285643904463914,-0.5669975948459568,-0.9923190905164962
0.3389519045065182,-1.9888408794714294,-1.042964556694323,0.985687698812037
0.12791579388146226,-0.7394192988131552,0.11208882653673626,1.6919426043806227
-0.1669678202859466,-0.5504840661968422,0.11678959346570568,0.9299733622831056
-0.1669678202859466,-0.5504840661968422,0.11678959346570568,0.9299733622831056
-0.7567350486207642,-0.1726136009642165,0.12619112732364454,-0.5939651219119287
-0.5601459725091583,-0.2985704227084251,0.12305728270433158,-0.08598562718025057
-0.9533241247323702,-0.046656779220007855,0.1293249719429575,-1.1019446166436069
0.014872496039734152,-0.17391945974692816,0.24974637513710174,1.1076204356675488
-0.32915838715557616,0.04650497830543689,0.25523060322089935,0.21865631988711218
-0.42745292521137906,0.10948338917754118,0.25679752553055585,-0.03533342747872687
-0.525747463267182,0.17246180004964548,0.25836444784021234,-0.2893231748445659
-0.722336539378788,0.2984186217938541,0.26149829245952527,-0.7973026695762441
-0.8206310774345908,0.3613970326659584,0.26306521476918177,-1.0512924169420832
-0.9189256154903938,0.42437544353806267,0.26463213707883826,-1.305282164307922
0.2623370149844212,-1.223839452971231,-0.675549869295471,0.7458083091053515
-0.40606584379503846,-0.7955862590409218,-0.664894797589807,-0.9813219729823534
-0.47487202043410087,-0.7515013714304487,-0.6637979519730474,-1.1591147961384414
-0.7227322379387877,-1.74050942820201,-0.6515123886448845,-1.4621753416062204
0.11099034555972874,-1.8600182243595864,-0.2571451705496678,1.4183550988221443
0.012695807503925788,-1.797039813487482,-0.25557824824001135,1.1643653514563053
-0.28218780666348303,-1.6081045808711691,-0.2508774813110419,0.40239610935878817
-0.19933643045028307,-1.293046924279016,0.07593240199242933,1.6810912366181296
-0.39592550656188896,-1.1670901025348073,0.07906624661174227,1.1731117418864514
-0.39592550656188896,-1.1670901025348073,0.07906624661174227,1.1731117418864514
-0.5925145826734949,-1.0411332807905986,0.08220009123105523,0.6651322471547734
-1.1822818110083124,-0.6632628155579727,0.0916016250889941,-0.8588062370402609
-0.48223323038544835,0.3028001729611236,1.5950142406251342,1.8879896045807
-0.6788223064970542,0.42875699470533224,1.5981480852444472,1.3800101098490218
-0.895070290219821,0.567309498623962,1.6015953143256914,0.8212326656441752
-1.150636089164908,0.7310533668914327,1.6056693123307981,0.1608593224929952
-1.1997833581928095,0.7625425723274849,1.6064527734856264,0.03386444881007566
-1.2194422658039703,0.7751382545019059,1.6067661579475578,-0.016933500663092845
-1.3177368038597732,0.8381166653740102,1.6083330802572142,-0.2709232480289319
-1.3177368038597732,0.8381166653740102,1.6083330802572142,-0.2709232480289319
-1.4160313419155761,0.9010950762461145,1.6099000025668706,-0.524912995394771
-1.4651786109434777,0.9325842816821667,1.610683463721699,-0.6519078690776906
-1.5143258799713792,0.9640734871182188,1.6114669248765272,-0.7789027427606101
-0.3869647187364482,-0.23407629403668825,0.6754546116542535,1.4046700048690721
-0.4852592567922512,-0.17109788316458394,0.67702153396391,1.150680257503233
-0.4852592567922512,-0.17109788316458394,0.67702153396391,1.150680257503233
-0.5835537948480541,-0.10811947229247966,0.6785884562735663,0.8966905101373941
-1.1241737541549701,0.238261787504094,0.687206528976677,-0.5002531003747207
-1.222468292210773,0.3012401983761983,0.6887734512863335,-0.7542428477405597
-1.222468292210773,0.3012401983761983,0.6887734512863335,-0.7542428477405597
-1.2716155612386746,0.33272940381225047,0.6895569124411617,-0.8812377214234793
-0.23576483876991436,-1.492548511712987,-0.15382473680605735,1.3366484576117412
-0.6289429909931261,-1.24063486822457,-0.14755704756743146,0.320689468148385
-0.825532067104732,-1.1146780464803614,-0.1444232029481185,-0.18729002658329308
-0.825532067104732,-1.1146780464803614,-0.1444232029481185,-0.18729002658329308
-0.6967438821479408,-1.4372706222909069,0.4053713551594243,0.916893583883782
-0.7458911511758424,-1.4057814168548548,0.40615481631425254,0.7898987102008624
-0.7950384202037438,-1.3742922114188025,0.4069382774690808,0.6629038365179429
-1.3848056485385614,-0.9964217461861767,0.41633981132701964,-0.8610346476770914
-1.4831001865943643,-0.9334433353140724,0.41790673363667613,-1.1150243950429304
-1.3273919937419019,-0.2193825038539764,1.2042308945371207,0.8525562902291879
-1.3273919937419019,-0.2193825038539764,1.2042308945371207,0.8525562902291879
-1.3765392627698034,-0.18789329841792424,1.2050143556919488,0.7255614165462683
-1.7205701459651137,0.03253113963444081,1.2104985837757465,-0.16340269923416828
-1.8188646840209166,0.09550955050654511,1.212065506085403,-0.41739244660000735
-1.8188646840209166,0.09550955050654511,1.212065506085403,-0.41739244660000735
-1.769717414993015,0.06402034507049296,1.2112820449305748,-0.29039757291708784
-1.9171592220767195,0.15848796137864943,1.2136324283950595,-0.6713821939658465
-1.9171592220767195,0.15848796137864943,1.2136324283950595,-0.6713821939658465
-1.0995772242532762,-2.2428561480304747,0.007536858677956952,1.0244141326785439
-1.3453135693927836,-2.0854101208502143,0.011454164452098143,0.3894397642639464
-1.8859335286996997,-1.7390288610536404,0.020072237155208766,-1.0075038462481685
-1.3088851610731524,-1.8859085334162426,0.24121130325058493,0.7338825432703348
-1.6037687752405612,-1.69697330079993,0.24591207017955435,-0.028086698827182406
-2.026435288880514,-1.4261661340498815,0.25264983611107716,-1.1202426125002896
-2.1443887345474777,-1.3505920410033563,0.25453014288266496,-1.425030309339297
-0.8795803258027795,-2.5592639201906304,-0.5511281595105914,0.5497174900925789
2.985222182301302,0.5454315154861835,-2.35157317730981,0.27423654871026404
2.071082978382335,1.1311307365967533,-2.337000799830005,-2.087868101792038
1.6833930828239678,-0.32025748162382617,-1.4921244527172284,1.18400692846164
1.4868040067123618,-0.19430065987961756,-1.4889906080979156,0.6760274337299618
1.0936258544891502,0.05761298360879966,-1.4827229188592896,-0.33993155573339434
0.6990212537332235,1.8229439238611993,0.4607526213588042,1.1854627714275463
0.6007267156774206,1.8859223347333036,0.4623195436684607,0.9314730240617074
0.6007267156774206,1.8859223347333036,0.4623195436684607,0.9314730240617074
0.57123835426068,1.9048158579949346,0.4627896203613576,0.8552760998519563
0.5515794466495192,1.9174115401693557,0.4631030048232889,0.8044781503787878
0.5515794466495192,1.9174115401693557,0.4631030048232889,0.8044781503787878
0.5024321776216177,1.9489007456054077,0.46388646597811717,0.6774832766958683
0.5024321776216177,1.9489007456054077,0.46388646597811717,0.6774832766958683
0.5024321776216177,1.9489007456054077,0.46388646597811717,0.6774832766958683
0.32550200912117266,2.0622618851751953,0.4667069261354988,0.2203017314373588
0.030618394953763863,2.2511971177915084,0.4714076930644682,-0.5416675106601584
0.23980802857972058,-0.7766401709844789,-1.4540657176687781,-0.062356311420025304
0.0923662214960162,-0.6821725546763224,-1.4517153342042932,-0.44334093246878387
0.2869253985299773,-0.5365987410964294,-1.5492991524862112,-0.48314176440781276
0.09033632241837139,-0.41064191935222083,-1.5461653078668984,-0.9911212591394909
0.5378736167671955,0.41682430846295454,-0.40161030411053716,1.4168649537802172
0.5182147091560346,0.42941999063737557,-0.40129691964860587,1.3660670043070486
0.4395790787113925,0.47980271933505886,-0.4000433818008807,1.1628752064143781
-0.07155251917878304,0.8072904558700015,-0.391895385790667,-0.15787147988798553
0.026742018877019894,0.7443120449978972,-0.3934623081003235,0.09611826747785353
-0.10104088059552364,0.8261839791316326,-0.39142530909777007,-0.23406840409773652
-0.46473067140199487,1.0592040993584186,-0.3856276965520411,-1.173830469351342
0.5584011903584902,-0.5350830232967967,-0.9984687458459457,1.261503615007349
0.5584011903584902,-0.5350830232967967,-0.9984687458459457,1.261503615007349
0.1652230381352785,-0.2831693798083796,-0.9922010566073198,0.245544625543993
-0.03136603797632738,-0.15721255806417095,-0.9890672119880068,-0.2624348691876851
0.2223064813952236,0.6491652169009788,0.060785430727854466,0.8303143744303113
0.1043530357282598,0.7247393099475041,0.06266573749944225,0.5255266775913038
-0.09223604038334608,0.8506961316917128,0.0657995821187552,0.017547182859625664
-0.09223604038334608,0.8506961316917128,0.0657995821187552,0.017547182859625664
-0.4854141926065579,1.1026097751801298,0.0720672713573811,-0.9984118066037306
-0.5345614616344594,1.134098980616182,0.07285073251220935,-1.1254066802866503
-0.5837087306623607,1.1655881860522341,0.07363419366703758,-1.2524015539695694
-0.6820032687181637,1.2285665969243384,0.07520111597669406,-1.5063913013354087
0.49753118795147155,0.47282566645908686,0.05639804826081634,1.54148566705466
0.35008938086776714,0.5672932827672433,0.05874843172530105,1.1605010460059013
0.17315921236732212,0.680654422337031,0.061568891882682705,0.7033195007473918
0.15350030475616125,0.693250104511452,0.061882276344614004,0.6525215512742232
0.07486467431151919,0.7436328332091352,0.06313581419233918,0.4493297533815528
-0.28882511649495196,0.9766529534359213,0.06893342673806815,-0.49043231187205244
-0.33797238552285347,1.0081421588719734,0.06971688789289639,-0.617427185554972
-0.3871196545507549,1.0396313643080255,0.07050034904772463,-0.7444220592378915
-0.3002084801822553,0.8116277502519782,0.5862101796764068,1.6298337213628606
-0.5950920943496641,1.000562982868291,0.5909109466053761,0.8678644792653435
-0.5950920943496641,1.000562982868291,0.5909109466053761,0.8678644792653435
-0.693386632405467,1.0635413937403952,0.5924778689150326,0.6138747318995044
-0.889975708517073,1.1894982154846039,0.5956117135343456,0.10589523716782638
-0.9882702465728759,1.2524766263567082,0.5971786358440021,-0.14809451019801267
-1.0865647846286788,1.3154550372288125,0.5987455581536586,-0.40208425756385174
-1.0865647846286788,1.3154550372288125,0.5987455581536586,-0.40208425756385174
-1.1848593226844817,1.3784334481009168,0.600312480463315,-0.6560740049296909
-1.2831538607402846,1.4414118589730212,0.6018794027729715,-0.9100637522955298
-0.42048439204423943,-0.4483601852239546,-0.7938995754241701,-0.1828332053096306
-0.7153680062116483,-0.25942495260764165,-0.7891988084952006,-0.9448024474071478
-0.46963166107214094,-0.41687097978790244,-0.7931161142693419,-0.30982807899255016
-0.8136625442674512,-0.19644654173553736,-0.7876318861855442,-1.198792194772987
0.028781076109764336,-0.5133679234528213,-0.5707235103262406,1.2283665126332823
0.028781076109764336,-0.5133679234528213,-0.5707235103262406,1.2283665126332823
-0.1874669076130024,-0.3748154195341918,-0.5672762812449964,0.6695890684284359
-0.2366141766409039,-0.3433262140981396,-0.5664928200901681,0.5425941947455163
-0.8263814049757215,0.03454425113448618,-0.5570912862322293,-0.981344289449518
-0.43350497802497484,-0.8383127230738713,-1.5791878877918917,-1.5099521216336638
-0.4967975562938612,0.9375845719961868,0.5893440242957196,1.1218542266311826
-0.693386632405467,1.0635413937403952,0.5924778689150326,0.6138747318995044
-0.7916811704612701,1.1265198046124996,0.5940447912246891,0.3598849845336654
-0.7916811704612701,1.1265198046124996,0.5940447912246891,0.3598849845336654
-0.7916811704612701,1.1265198046124996,0.5940447912246891,0.3598849845336654
-0.889975708517073,1.1894982154846039,0.5956117135343456,0.10589523716782638
-0.889975708517073,1.1894982154846039,0.5956117135343456,0.10589523716782638
-0.889975708517073,1.1894982154846039,0.5956117135343456,0.10589523716782638
-0.9882702465728759,1.2524766263567082,0.5971786358440021,-0.14809451019801267
-1.0865647846286788,1.3154550372288125,0.5987455581536586,-0.40208425756385174
-0.6147418438057254,0.02700933191609528,0.31951315517878515,1.401534448276897
-0.6638891128336268,0.05849853735214743,0.3202966163336134,1.2745395745939774
-0.8604781889452328,0.18445535909635602,0.3234304609529264,0.7665600798622993
-1.0570672650568385,0.3104121808405646,0.3265643055722393,0.25858058513062127
-1.0570672650568385,0.3104121808405646,0.3265643055722393,0.25858058513062127
-1.0570672650568385,0.3104121808405646,0.3265643055722393,0.25858058513062127
-1.4502454172800503,0.5623258243289819,0.33283199481086523,-0.7573784043327351
-1.4993926863079519,0.5938150297650341,0.3336154559656935,-0.8843732780156546
0.3087599828779899,-1.1082833838130492,-0.5784971247904865,1.6800606573583046
-0.035270900317320435,-0.887858945760684,-0.5730128967066889,0.7910965415778678
-0.08441816934522191,-0.8563697403246319,-0.5722294355518607,0.6641016678949483
-0.4775963215684337,-0.6044560968362146,-0.5659617463132348,-0.3518573215684078
-0.5257098188478333,-1.5899262181740699,-1.2942710444944194,-0.1206008889873851
-0.4164245938889399,-0.9914214558721554,-0.6049996280989592,0.9127274480317801
-0.6130136700005457,-0.8654646341279467,-0.6018657834796464,0.40474795330010205
-0.957044553195856,-0.6450401960755817,-0.5963815553958487,-0.4842161624803346
-1.0061918222237574,-0.6135509906395296,-0.5955980942410204,-0.6112110361632542
-0.5655945747778239,-0.004479873519956874,0.31872969402395696,1.5285293219598164
-0.8604781889452328,0.18445535909635602,0.3234304609529264,0.7665600798622993
-1.0570672650568385,0.3104121808405646,0.3265643055722393,0.25858058513062127
-1.10621453408474,0.34190138627661676,0.32734776672706756,0.13158571144770173
-1.1553618031126414,0.3733905917126689,0.3281312278818958,0.004590837764782234
-1.3519508792242474,0.49934741345687755,0.33126507250120873,-0.5033886569668959
-1.4502454172800503,0.5623258243289819,0.33283199481086523,-0.7573784043327351
-1.4502454172800503,0.5623258243289819,0.33283199481086523,-0.7573784043327351
-0.8350404675286921,-0.2775262266436911,-0.13765073895370353,0.3316642692153617
-0.8350404675286921,-0.2775262266436911,-0.13765073895370353,0.3316642692153617
-0.9333350055844951,-0.2145478157715868,-0.13608381664404706,0.07767452184952262
-1.129924081696101,-0.0885909940273782,-0.1329499720247341,-0.43030497288215547
-1.1790713507240023,-0.057101788591326044,-0.13216651086990586,-0.557299846565075
-1.4248076958635096,0.10034423858893467,-0.12824920509576468,-1.1922742149796726
-0.02660267960925015,-1.5619378011091236,-1.2641646198737369,0.06255590139771028
-0.23082620468042453,-1.7788614507903826,-1.2989718114233888,0.641368353110132
-0.20909373997608954,-0.6001721653735564,-0.41943116540305836,0.9306476179273478
-0.30738827803189245,-0.5371937545014521,-0.41786424309340187,0.6766578705615088
-0.5039773541434983,-0.41123693275724355,-0.41473039847408893,0.16867837582983075
-0.6514191612272028,-0.3167693164490871,-0.4123800150096042,-0.21230624521892782
-0.7497136992830057,-0.2537909055769828,-0.4108130926999477,-0.46629599258476684
-0.57282718879809,-1.8299676480621192,-1.1990376096769864,0.30018456400040244
-0.6466558028601206,-1.7214945594940385,-0.6874774228953335,0.11268452536646598
-1.236423031194938,-1.3436240942614126,-0.6780758890373947,-1.4112539588285682
-0.7694162649096958,-1.7040108263179106,-1.1959037650576734,-0.20779493073127564
-1.40396923884465,-1.2167690955774932,0.019010089601340943,0.7813991863796832
-1.4531165078725516,-1.1852798901414412,0.01979355075616918,0.6544043126967637
-1.8462946600957635,-0.9333662466530238,0.026061239994795087,-0.3615546767665925
-1.8954419291236648,-0.9018770412169717,0.026844701149623323,-0.48854955044951204
-1.9445891981515664,-0.8703878357809195,0.027628162304451562,-0.6155444241324316
-1.6447295716547352,-2.386246050959834,-0.7473315854227811,0.02608684566141918
-2.359145273636019,-0.699553877200656,0.6838769987749184,-0.10104694960743923
-2.654028887803428,-0.510618644584343,0.6885777657038877,-0.8630161917049564
-2.654028887803428,-0.510618644584343,0.6885777657038877,-0.8630161917049564
-2.752323425859231,-0.4476402337122388,0.6901446880135442,-1.1170059390707954
-2.752323425859231,-0.4476402337122388,0.6901446880135442,-1.1170059390707954
-2.752323425859231,-0.4476402337122388,0.6901446880135442,-1.1170059390707954
-3.1455015780824427,-0.19572659022382158,0.6964123772521702,-2.1329649285341516
-1.8295160012321934,-1.7074183101712481,-0.015579412633308967,0.5165580712513493
-1.8786632702600947,-1.675929104735196,-0.014795951478480727,0.3895631975684299
-1.9278105392879963,-1.6444398992991438,-0.01401249032365249,0.2625683238855103
-2.5667250366507157,-1.2350802286304658,-0.0038274953108853923,-1.3883650339924434
-1.6989996424702225,-2.922484852025836,-0.38716379318419786,0.6239551867416295
-2.54068386468924,-0.4551751529306309,1.5667491294245584,1.265872798655621
-2.8355674788566487,-0.266239920314318,1.5714498963535277,0.5039035565581039
-2.8650558402733894,-0.24734639705268685,1.5719199730464246,0.42770663234835293
-2.9338620169124514,-0.2032615094422137,1.573016818663184,0.2499138091922649
-2.9338620169124514,-0.2032615094422137,1.573016818663184,0.2499138091922649
-3.0321565549682545,-0.14028309857010937,1.5745837409728407,-0.00407593817357419
-2.8355674788566487,-0.266239920314318,1.5714498963535277,0.5039035565581039
-2.8355674788566487,-0.266239920314318,1.5714498963535277,0.5039035565581039
-3.1304510930240577,-0.07730468769800507,1.576150663282497,-0.2580656855394133
-3.2287456310798603,-0.0143262768259008,1.5777175855921537,-0.5120554329052522
0.6590942290675462,0.11671184692738674,-1.2615837935795446,1.597887622180092
0.6590942290675462,0.11671184692738674,-1.2615837935795446,1.597887622180092
0.5411407834005825,0.19228593997391208,-1.2597034868079569,1.2930999253410844
-0.04862644493423519,0.570156405206538,-1.2503019529500181,-0.2308385588539499
-0.24521552104584107,0.6961132269507465,-1.2471681083307051,-0.738818053585628
0.856193539537739,-0.7388005596664046,-2.242766561054852,0.7804124259325518
0.4251605304621866,0.8270287931520249,-0.5290481596352444,1.9613639740871025
0.2285714543505807,0.9529856148962335,-0.5259143150159314,1.4533844793554245
0.19908309293384008,0.9718791381578646,-0.5254442383230346,1.3771875551456734
0.13027691629477775,1.0159640257683378,-0.524347392706275,1.1993947319895852
0.031982378238974846,1.078942436640442,-0.5227804703966186,0.9454049846237463
-0.0663121598168281,1.1419208475125462,-0.5212135480869621,0.6914152372579073
-0.31204850495633546,1.299366874692807,-0.5172962423128209,0.0564408688433097
-0.6560793881516458,1.519791312745172,-0.5118120142290232,-0.8325232469371271
-0.16459753971753652,0.21874992525803255,-0.7913578016658281,1.0218934083767919
-0.38084552344030326,0.3573024291766622,-0.7879105725845839,0.46311596417194534
-0.5774345995519091,0.4832592509208708,-0.784776727965271,-0.04486353055973278
-0.6265818685798106,0.514748456356923,-0.7839932668104427,-0.17185840424265225
-0.6757291376077121,0.5462376617929752,-0.7832098056556145,-0.2988532779255718
-0.774023675663515,0.6092160726650795,-0.781642883345958,-0.5528430252914109
0.121316128469337,0.08295021727021877,-1.120735757748786,0.9678364690069646
0.023021590413534077,0.14592862814232305,-1.1191688354391296,0.7138467216411256
-0.32100929278177626,0.3663530661946881,-1.113684607355332,-0.17511739413931104
-0.32100929278177626,0.3663530661946881,-1.113684607355332,-0.17511739413931104
-0.5667456379212836,0.5237990933749489,-1.1097673015811906,-0.8100917625539087
0.18318225820550876,-0.1795297810358569,-1.3520598188569293,0.8773834373664152
-0.04289517932283769,-0.034679436030017205,-1.3484558975447194,0.29320701842498625
-0.5048795081851118,0.2613190950688732,-1.341091362689334,-0.9005447941944581
-0.7997631223525206,0.4502543276851861,-1.3363905957603646,-1.662514036291975
-0.4409834793712953,-0.2726915385613042,-1.4779654501348722,-0.4432174991643003
-0.7358670935387042,-0.08375630594499127,-1.4732646832059029,-1.2051867412618176
-0.7358670935387042,-0.08375630594499127,-1.4732646832059029,-1.2051867412618176
-0.1595507723881835,1.4072666791862565,0.49279605454652364,1.722515163640242
-0.35613984849978936,1.533223500930465,0.4959298991658366,1.214535668908564
-0.847612538778804,1.8481155552909865,0.503764510714119,-0.055413067920631304
-0.847612538778804,1.8481155552909865,0.503764510714119,-0.055413067920631304
-0.9459070768346071,1.9110939661630908,0.5053314330237755,-0.30940281528647035
-0.9459070768346071,1.9110939661630908,0.5053314330237755,-0.30940281528647035
-0.9459070768346071,1.9110939661630908,0.5053314330237755,-0.30940281528647035
-0.9459070768346071,1.9110939661630908,0.5053314330237755,-0.30940281528647035
-0.9459070768346071,1.9110939661630908,0.5053314330237755,-0.30940281528647035
-0.9950543458625085,1.942583171599143,0.5061148941786037,-0.4363976889693899
-1.0442016148904099,1.9740723770351951,0.506898355333432,-0.5633925626523095
-0.2530534658126601,-0.71071883808369,-1.0616587474756594,1.3777705542322574
-0.4004952728963645,-0.6162512217755335,-1.0593083640111747,0.9967859331834986
-0.6953788870637733,-0.42731598915922064,-1.0546075970822053,0.2348166910859816
-0.6953788870637733,-0.42731598915922064,-1.0546075970822053,0.2348166910859816
-0.7442244308192099,0.2251165469967718,-0.037995223606340646,1.652388639050564
-0.8228600612638519,0.27549927569445504,-0.036741685758615465,1.4491968411578935
-0.9211545993196548,0.33847768656655935,-0.03517476344895899,1.1952070937920545
-0.9899607759587172,0.38256257417703254,-0.034077917832199454,1.0174142706359663
-1.0391080449866186,0.4140517796130847,-0.033294456677371215,0.890419396953047
-1.1374025830424215,0.477030190485189,-0.031727534367714735,0.6364296495872078
-1.284844390126126,0.5714978067933455,-0.02937715090323002,0.25544502853844936
-1.4814334662377318,0.6974546285375541,-0.026243306283917068,-0.2525344661932288
-0.8260420352839076,-1.1069004363692887,-1.0938978662458247,0.7319448180551649
-0.9243365733397105,-1.0439220254971846,-1.0923309439361681,0.47795507068932586
-1.4158092636187252,-0.7290299711366629,-1.0844963323878858,-0.7919936661398695
-1.0540035942306971,-0.9780777812574456,-0.30807848010116934,1.164612218065272
-1.1031508632585985,-0.9465885758213934,-0.3072950189463411,1.0376173443823526
-1.1522981322865,-0.9150993703853413,-0.30651155779151285,0.9106224706994331
-1.2014454013144014,-0.8836101649492891,-0.3057280966366846,0.7836275970165136
-1.4471817464539087,-0.7261641377690283,-0.3018107908625434,0.14865322860191604
-1.6771355600590043,-2.088198865556801,-1.1630768707151258,0.20226258779850048
0.19535350631525952,1.3596450544289085,-0.9794395897733179,1.4104480908242218
0.19535350631525952,1.3596450544289085,-0.9794395897733179,1.4104480908242218
-0.14867737688005075,1.5800694924812735,-0.9739553616895202,0.5214839750437853
-0.24697191493585371,1.6430479033533778,-0.9723884393798637,0.2674942276779463
-0.24697191493585371,1.6430479033533778,-0.9723884393798637,0.2674942276779463
-0.6401500671590655,1.894961546841795,-0.9661207501412379,-0.74846476178541
-0.6401500671590655,1.894961546841795,-0.9661207501412379,-0.74846476178541
-0.689297336186967,1.9264507522778473,-0.9653372889864096,-0.8754596354683296
0.2809291836627922,1.5276574364268278,-0.7504659121296594,1.8818857435135299
-0.4071325827278284,1.9685063125315578,-0.7394974559620641,0.10395751195265661
-0.4071325827278284,1.9685063125315578,-0.7394974559620641,0.10395751195265661
-0.2105435066162225,1.8425494907873492,-0.742631300581377,0.6119370066843346
-0.5054271207836314,2.031484723403662,-0.7379305336524076,-0.15003223541318245
-0.5054271207836314,2.031484723403662,-0.7379305336524076,-0.15003223541318245
-0.7020161968952372,2.157441545147871,-0.7347966890330947,-0.6580117301448607
-0.8986052730068431,2.2833983668920794,-0.7316628444137817,-1.1659912248765387
-0.8986052730068431,2.2833983668920794,-0.7316628444137817,-1.1659912248765387
-0.45049187979525546,0.5644602812753662,-1.4711929861404571,0.0757367966343544
-0.5487864178510584,0.6274386921474704,-1.4696260638308007,-0.17825295073148462
-0.35219734173945255,0.5014818704032619,-1.4727599084501137,0.32972654400019347
-0.401344610767354,0.532971075839314,-1.4719764472952854,0.20273167031727393
-0.49963914882315696,0.5959494867114183,-1.470409524985629,-0.051258077048565144
0.07740921880339041,0.449069814348816,-1.2492704588902528,1.690128312469938
-0.3157689334198214,0.7009834578372333,-1.2430027696516268,0.6741693230065818
-0.5123580095314273,0.8269402795814419,-1.2398689250323138,0.16618982827490375
-0.6106525475872302,0.8899186904535461,-1.2383020027226574,-0.08779991909093528
-0.905536161754639,1.078853923069859,-1.233601235793688,-0.8497691611884526
-1.0038306998104418,1.1418323339419632,-1.2320343134840315,-1.1037589085542914
-0.5732188537833514,0.8486996362107075,-0.4567133068140747,1.030639798806938
-0.5928777613945122,0.8612953183851285,-0.4563999223521434,0.9798418493337696
-0.789466837506118,0.9872521401293372,-0.45326607773283045,0.4718623546020915
-0.9860559136177239,1.1132089618735457,-0.45013223311351747,-0.03611714012958655
-1.1826449897293296,1.2391657836177543,-0.44699838849420453,-0.5440966348612647
-1.3792340658409357,1.3651226053619627,-0.4438645438748916,-1.0520761295929426
-1.3792340658409357,1.3651226053619627,-0.4438645438748916,-1.0520761295929426
-1.6741176800083444,1.5540578379782757,-0.4391637769459222,-1.8140453716904599
-0.05528382849439379,0.041016002462848436,-1.3830107017164779,1.6394761127684159
-0.15357836655019674,0.10399441333495274,-1.3814437794068215,1.3854863654025769
-0.5467565187734085,0.35590805682336996,-1.3751760901681955,0.36952737593922075
-0.6450510568292115,0.4188864676954742,-1.373609167858539,0.11553762857338168
-0.7433455948850144,0.48186487856757854,-1.3720422455488825,-0.13845211879245733
-0.977204270831098,-1.610816236916706,-1.8172540101201462,0.9686886511696783
-1.3851311828402348,-0.8563811652341663,-1.6748956945908113,-0.37760275964091256
-1.6308675279797422,-0.6989351380539055,-1.6709783888166703,-1.0125771280555103
-1.3751651095305364,-0.1640879984128548,-0.5266757724382028,0.6279524422331899
-1.3948240171416972,-0.15149231623843376,-0.5263623879762716,0.5771544927600213
-1.591413093253303,-0.02553549449422515,-0.5232285433569586,0.0691749980283433
-1.591413093253303,-0.02553549449422515,-0.5232285433569586,0.0691749980283433
-1.591413093253303,-0.02553549449422515,-0.5232285433569586,0.0691749980283433
-1.788002169364909,0.10042132724998346,-0.5200946987376456,-0.4388044967033348
-1.3563657097444213,-0.22352136412856405,-0.20215527551517998,1.4693775984371167
-1.552954785856027,-0.09756454238435544,-0.19902143089586702,0.9613981037054387
-1.9952802071071403,0.1858383065401139,-0.19197028050241285,-0.18155575944083707
-2.0935747451629436,0.24881671741221822,-0.1904033581927564,-0.43554550680667614
-2.0935747451629436,0.24881671741221822,-0.1904033581927564,-0.43554550680667614
-2.0935747451629436,0.24881671741221822,-0.1904033581927564,-0.43554550680667614
-2.0935747451629436,0.24881671741221822,-0.1904033581927564,-0.43554550680667614
-1.560881801932971,-2.0475376776563827,-1.5245025552743916,1.0880911469867618
-2.526746798354966,-1.570862301733624,-0.5346450724848946,0.9708732429938153
-2.625041336410769,-1.5078838908615197,-0.5330781501752381,0.7168834956279762
-2.821630412522375,-1.3819270691173111,-0.5299443055559251,0.20890400089629818
-3.3131031028013895,-1.0670350147567895,-0.5221096940076427,-1.0610447359328972
-2.6360320233138594,-2.169367064035538,-1.2239164888803546,-0.0624550940253499
-3.596392579520772,1.0252700524734237,2.2050872362685165,2.045458254917914
-3.694687117576575,1.088248463345528,2.206654158578173,1.7914685075520749
-3.7438343866044765,1.1197376687815803,2.207437619733001,1.6644736338691555
-3.792981655632378,1.1512268742176324,2.2082210808878293,1.5374787601862359
-3.8224700170491186,1.1701203974792636,2.208691157580726,1.461281835976485
-3.842128924660279,1.1827160796536846,2.2090045420426576,1.4104838865033162
-3.891276193688181,1.2142052850897367,2.209788003197486,1.2834890128203968
-3.891276193688181,1.2142052850897367,2.209788003197486,1.2834890128203968
-3.9895707317439837,1.277183695961841,2.2113549255071425,1.0294992654545578
-4.087865269799787,1.3401621068339453,2.2129218478167987,0.7755095180887187
-4.1861598078555895,1.4031405177060496,2.2144887701264553,0.5215197707228796
-4.284454345911392,1.466118928578154,2.216055692436112,0.2675300233570408
-4.382748883967196,1.5290973394502583,2.2176226147457685,0.013540275991201701
-4.579337960078801,1.655054161194467,2.2207564593650813,-0.4944392187404764
-4.677632498134605,1.7180325720665712,2.222323381674738,-0.7484289661063156
-0.3235491600386019,0.6456613116298613,-2.1576092443156436,0.19633712382844162
-0.37269642906650335,0.6771505170659134,-2.1568257831608153,0.06934225014552209
-0.37269642906650335,0.6771505170659134,-2.1568257831608153,0.06934225014552209
-0.4709909671223063,0.7401289279380177,-2.1552588608511587,-0.18464749722031693
-0.4819816540253969,0.07864575476399918,-2.8460971995562754,-0.9639860868736432
-1.0566983973018291,0.5749381225224416,-1.9569573796680098,-0.6130253280739391
-1.0566983973018291,0.5749381225224416,-1.9569573796680098,-0.6130253280739391
-1.0566983973018291,0.5749381225224416,-1.9569573796680098,-0.6130253280739391
-1.351582011469238,0.7638733551387544,-1.9522566127390404,-1.374994570171456
-0.7253863748147892,0.5855044773401,-1.7319010077984927,0.4933866930299666
-0.8236809128705922,0.6484828882122043,-1.730334085488836,0.23939694566412756
-0.9219754509263951,0.7114612990843086,-1.7287671631791797,-0.014592801701711473
-0.9219754509263951,0.7114612990843086,-1.7287671631791797,-0.014592801701711473
-1.3151536031496067,0.9633749425727258,-1.7224994739405537,-1.0305517911650677
-1.1653801717157874,1.2183200216604093,-0.6145709714213964,1.4427799782018984
-1.2636747097715904,1.2812984325325134,-0.6130040491117399,1.1887902308360592
-1.2636747097715904,1.2812984325325134,-0.6130040491117399,1.1887902308360592
-1.558558323938999,1.4702336651488264,-0.6083032821827704,0.4268209887385422
-1.558558323938999,1.4702336651488264,-0.6083032821827704,0.4268209887385422
-1.853441938106408,1.6591688977651393,-0.603602515253801,-0.3351482533589751
-1.853441938106408,1.6591688977651393,-0.603602515253801,-0.3351482533589751
-1.951736476162211,1.7221473086372436,-0.6020355929441445,-0.589138000724814
-2.148325552273817,1.8481041303814523,-0.5989017483248316,-1.0971174954564922
-0.370657371833759,-0.580529451384805,-2.3340869853867323,1.2015904953009509
-0.8817889697239346,-0.25304171484986254,-2.3259389893765188,-0.11915619100141277
-0.9601228748961115,0.4182843445677611,-1.3088565392077571,1.2222188327534187
-0.9797817825072724,0.4308800267421821,-1.308543154745826,1.1714208832802502
-1.0780763205630752,0.49385843761428644,-1.3069762324361693,0.9174311359144112
-1.1075646819798157,0.5127519608759176,-1.3065061557432724,0.8412342117046602
-1.4221072037583855,0.7142828756666515,-1.3014920043523717,0.02846702013397451
-1.8152853559815973,0.9661965191550688,-1.295224315113746,-0.9874919693293817
-1.56548921268679,0.26568922132660716,-1.1102416735626763,0.7430430524266265
-1.56548921268679,0.26568922132660716,-1.1102416735626763,0.7430430524266265
-1.860372826854199,0.45462445394292006,-1.105540906633707,-0.018926189670890575
-1.860372826854199,0.45462445394292006,-1.105540906633707,-0.018926189670890575
-2.0078146339379037,0.5490920702510765,-1.1031905231692223,-0.3999108107196492
-2.2044037100495095,0.6750488919952852,-1.1000566785499093,-0.9078903054513272
-1.4122594336426064,-1.2643136316737922,-1.8450710483603818,1.222801831840001
-2.100321200033227,-0.8234647555690621,-1.8341025921927865,-0.5551263997208725
-1.8673037156019898,-0.7499199898792992,-1.6074792980136126,0.2972958740171941
-1.8673037156019898,-0.7499199898792992,-1.6074792980136126,0.2972958740171941
-2.1621873297693988,-0.5609847572629864,-1.6027785310846432,-0.46467336808032306
-1.2511026385214787,-0.8443433494021642,-1.2544192987795626,1.5758675679720522
-1.2511026385214787,-0.8443433494021642,-1.2544192987795626,1.5758675679720522
-1.4476917146330845,-0.7183865276579555,-1.2512854541602496,1.067888073240374
-1.9883116739400006,-0.3720052678613819,-1.242667381457139,-0.32905553727174075
-2.7752074446288058,-1.2663709999591293,-0.4328915610509407,1.1431563491492511
-2.7752074446288058,-1.2663709999591293,-0.4328915610509407,1.1431563491492511
-2.873501982684609,-1.203392589087025,-0.43132463874128424,0.8891666017834121
-2.873501982684609,-1.203392589087025,-0.43132463874128424,0.8891666017834121
-3.3649746729636236,-0.8885005347265033,-0.42349002719300183,-0.3807821350457831
-1.5582189542471856,0.32878897764505166,-1.1451098621963658,2.140110096243225
-1.9022498374424959,0.5492134156974168,-1.1396256341125681,1.2511459804627882
-2.1479861825820032,0.7066594428776776,-1.135708328338427,0.6161716120481906
-2.2954279896657077,0.8011270591858339,-1.1333579448739424,0.23518699099943208
-2.492017065777314,0.9270838809300426,-1.1302241002546294,-0.2727925037322461
-2.492017065777314,0.9270838809300426,-1.1302241002546294,-0.2727925037322461
-2.5903116038331166,0.9900622918021469,-1.1286571779449728,-0.5267822510980851
-1.6565134923029885,0.391767388517156,-1.1435429398867094,1.8861203488773859
-1.9022498374424959,0.5492134156974168,-1.1396256341125681,1.2511459804627882
-2.000544375498299,0.6121918265695211,-1.1380587118029117,0.9971562330969491
-2.197133451609905,0.7381486483137296,-1.1349248671835988,0.48917673836527115
-2.2954279896657077,0.8011270591858339,-1.1333579448739424,0.23518699099943208
-2.2954279896657077,0.8011270591858339,-1.1333579448739424,0.23518699099943208
-2.6886061418889198,1.053040702674251,-1.1270902556353164,-0.7807719984639241
-2.264202296288688,-1.0963897632464559,-2.3269181361137927,-0.10093466128289003
-3.3459816811449015,-1.8018202627278903,-1.5124415487786254,0.6093079830405845
-3.9357489094797193,-1.4239497974952644,-1.5030400149206866,-0.9146305011544497
-2.1115201298430337,-0.8562269879120689,-2.458586681874573,1.129336676911763
-2.6029928201220485,-0.5413349335515474,-2.4507520703262906,-0.14061205991743225
-2.0161048287358647,0.5015475341547762,-2.967271661130945,0.04149183474067028
-2.212693904847471,0.6275043558989848,-2.964137816511632,-0.4664876599910079
-2.3109884429032737,0.6904827667710891,-2.9625708942019755,-0.7204774073568468
-2.689262899526259,-0.8338326762793316,-2.487439568647531,0.7429880886339971
-3.623061011056387,-0.23553777299434078,-2.472553806705794,-1.6699145113414737
