father,mother,midparentHeight,children,parents_product,parents_average,father_midparent_interaction,children_father_interaction,childHeight
75.5,66.5,73.66,4.0,5020.75,71.0,5561.33,302.0,
75.5,66.5,73.66,4.0,5020.75,71.0,5561.33,302.0,
75.5,66.5,73.66,4.0,5020.75,71.0,5561.33,302.0,
75.5,66.5,73.66,4.0,5020.75,71.0,5561.33,302.0,
75.0,64.0,72.06,2.0,4800.0,69.5,5404.5,150.0,73.5
75.0,64.0,72.06,2.0,4800.0,69.5,5404.5,150.0,72.5
75.0,64.0,72.06,5.0,4800.0,69.5,5404.5,375.0,65.5
75.0,64.0,72.06,5.0,4800.0,69.5,5404.5,375.0,65.5
75.0,64.0,72.06,5.0,4800.0,69.5,5404.5,375.0,71.0
75.0,64.0,72.06,5.0,4800.0,69.5,5404.5,375.0,68.0
75.0,64.0,72.06,5.0,4800.0,69.5,5404.5,375.0,70.5
74.0,66.5,72.91,3.0,4921.0,70.25,5395.34,222.0,68.5
74.0,66.5,72.91,3.0,4921.0,70.25,5395.34,222.0,67.0
74.0,66.5,72.91,3.0,4921.0,70.25,5395.34,222.0,64.5
74.5,66.0,72.89,1.0,4917.0,70.25,5430.305,74.5,63.0
74.0,65.5,72.37,1.0,4847.0,69.75,5355.38,74.0,
74.0,62.0,70.48,8.0,4588.0,68.0,5215.52,592.0,
74.0,62.0,70.48,8.0,4588.0,68.0,5215.52,592.0,
74.0,62.0,70.48,8.0,4588.0,68.0,5215.52,592.0,
74.0,62.0,70.48,8.0,4588.0,68.0,5215.52,592.0,
74.0,62.0,70.48,8.0,4588.0,68.0,5215.52,592.0,
74.0,62.0,70.48,8.0,4588.0,68.0,5215.52,592.0,
74.0,62.0,70.48,8.0,4588.0,68.0,5215.52,592.0,
74.0,62.0,70.48,8.0,4588.0,68.0,5215.52,592.0,
74.0,61.0,69.94,1.0,4514.0,67.5,5175.5599999999995,74.0,
73.0,67.0,72.68,2.0,4891.0,70.0,5305.64,146.0,
73.0,67.0,72.68,2.0,4891.0,70.0,5305.64,146.0,
73.0,67.0,72.68,2.0,4891.0,70.0,5305.64,146.0,
73.0,67.0,72.68,2.0,4891.0,70.0,5305.64,146.0,70.5
73.0,66.5,72.41,3.0,4854.5,69.75,5285.929999999999,219.0,68.0
73.0,66.5,72.41,3.0,4854.5,69.75,5285.929999999999,219.0,66.0
73.0,66.5,72.41,3.0,4854.5,69.75,5285.929999999999,219.0,66.0
73.0,65.0,71.6,9.0,4745.0,69.0,5226.799999999999,657.0,65.5
73.0,65.0,71.6,9.0,4745.0,69.0,5226.799999999999,657.0,74.0
73.0,65.0,71.6,9.0,4745.0,69.0,5226.799999999999,657.0,70.0
73.0,65.0,71.6,9.0,4745.0,69.0,5226.799999999999,657.0,68.0
73.0,65.0,71.6,9.0,4745.0,69.0,5226.799999999999,657.0,67.0
73.0,65.0,71.6,9.0,4745.0,69.0,5226.799999999999,657.0,67.0
73.0,65.0,71.6,9.0,4745.0,69.0,5226.799999999999,657.0,66.0
73.0,65.0,71.6,9.0,4745.0,69.0,5226.799999999999,657.0,63.5
73.0,65.0,71.6,9.0,4745.0,69.0,5226.799999999999,657.0,63.0
73.0,64.5,71.33000000000001,6.0,4708.5,68.75,5207.090000000001,438.0,65.0
73.0,64.5,71.33000000000001,6.0,4708.5,68.75,5207.090000000001,438.0,71.0
73.0,64.5,71.33000000000001,6.0,4708.5,68.75,5207.090000000001,438.0,62.0
73.0,64.5,71.33000000000001,6.0,4708.5,68.75,5207.090000000001,438.0,68.0
73.0,64.5,71.33000000000001,6.0,4708.5,68.75,5207.090000000001,438.0,67.0
73.0,64.5,71.33000000000001,6.0,4708.5,68.75,5207.090000000001,438.0,71.0
73.0,64.0,71.06,3.0,4672.0,68.5,5187.38,219.0,70.5
73.0,64.0,71.06,3.0,4672.0,68.5,5187.38,219.0,66.7
73.0,64.0,71.06,3.0,4672.0,68.5,5187.38,219.0,72.0
73.2,63.0,70.62,1.0,4611.6,68.1,5169.384000000001,73.2,70.5
72.0,68.0,72.72,3.0,4896.0,70.0,5235.84,216.0,70.2
72.0,68.0,72.72,3.0,4896.0,70.0,5235.84,216.0,70.2
72.0,68.0,72.72,3.0,4896.0,70.0,5235.84,216.0,69.2
72.0,67.0,72.18,3.0,4824.0,69.5,5196.960000000001,216.0,68.7
72.0,67.0,72.18,3.0,4824.0,69.5,5196.960000000001,216.0,66.5
72.0,67.0,72.18,3.0,4824.0,69.5,5196.960000000001,216.0,64.5
72.0,65.0,71.1,7.0,4680.0,68.5,5119.2,504.0,63.5
72.0,65.0,71.1,7.0,4680.0,68.5,5119.2,504.0,74.0
72.0,65.0,71.1,7.0,4680.0,68.5,5119.2,504.0,73.0
72.0,65.0,71.1,7.0,4680.0,68.5,5119.2,504.0,71.5
72.0,65.0,71.1,7.0,4680.0,68.5,5119.2,504.0,62.5
72.0,65.0,71.1,7.0,4680.0,68.5,5119.2,504.0,66.5
72.0,65.0,71.1,7.0,4680.0,68.5,5119.2,504.0,62.3
72.0,65.5,71.37,1.0,4716.0,68.75,5138.64,72.0,66.0
72.0,64.0,70.56,2.0,4608.0,68.0,5080.32,144.0,64.5
72.0,64.0,70.56,2.0,4608.0,68.0,5080.32,144.0,64.0
72.0,63.0,70.02000000000001,5.0,4536.0,67.5,5041.4400000000005,360.0,62.7
72.0,63.0,70.02000000000001,5.0,4536.0,67.5,5041.4400000000005,360.0,
72.0,63.0,70.02000000000001,5.0,4536.0,67.5,5041.4400000000005,360.0,
72.0,63.0,70.02000000000001,5.0,4536.0,67.5,5041.4400000000005,360.0,
72.0,63.0,70.02000000000001,5.0,4536.0,67.5,5041.4400000000005,360.0,
72.0,63.0,70.02000000000001,3.0,4536.0,67.5,5041.4400000000005,216.0,
72.0,63.0,70.02000000000001,3.0,4536.0,67.5,5041.4400000000005,216.0,
72.0,63.0,70.02000000000001,3.0,4536.0,67.5,5041.4400000000005,216.0,
72.0,63.0,70.02000000000001,6.0,4536.0,67.5,5041.4400000000005,432.0,
72.0,63.0,70.02000000000001,6.0,4536.0,67.5,5041.4400000000005,432.0,73.0
72.0,63.0,70.02000000000001,6.0,4536.0,67.5,5041.4400000000005,432.0,68.5
72.0,63.0,70.02000000000001,6.0,4536.0,67.5,5041.4400000000005,432.0,68.0
72.0,63.0,70.02000000000001,6.0,4536.0,67.5,5041.4400000000005,432.0,73.0
72.0,63.0,70.02000000000001,6.0,4536.0,67.5,5041.4400000000005,432.0,71.0
72.5,63.5,70.53999999999999,3.0,4603.75,68.0,5114.15,217.5,67.0
72.5,63.5,70.53999999999999,3.0,4603.75,68.0,5114.15,217.5,74.2
72.5,63.5,70.53999999999999,3.0,4603.75,68.0,5114.15,217.5,70.5
72.0,62.0,69.48,1.0,4464.0,67.0,5002.56,72.0,69.5
72.5,62.0,69.73,6.0,4495.0,67.25,5055.425,435.0,66.0
72.5,62.0,69.73,6.0,4495.0,67.25,5055.425,435.0,65.5
72.5,62.0,69.73,6.0,4495.0,67.25,5055.425,435.0,65.0
72.5,62.0,69.73,6.0,4495.0,67.25,5055.425,435.0,65.0
72.5,62.0,69.73,6.0,4495.0,67.25,5055.425,435.0,65.5
72.5,62.0,69.73,6.0,4495.0,67.25,5055.425,435.0,66.0
72.0,62.0,69.48,5.0,4464.0,67.0,5002.56,360.0,63.0
72.0,62.0,69.48,5.0,4464.0,67.0,5002.56,360.0,70.5
72.0,62.0,69.48,5.0,4464.0,67.0,5002.56,360.0,70.5
72.0,62.0,69.48,5.0,4464.0,67.0,5002.56,360.0,69.0
72.0,62.0,69.48,5.0,4464.0,67.0,5002.56,360.0,65.0
72.0,62.0,69.48,5.0,4464.0,67.0,5002.56,360.0,63.0
72.0,62.0,69.48,5.0,4464.0,67.0,5002.56,360.0,69.0
72.0,62.0,69.48,5.0,4464.0,67.0,5002.56,360.0,67.0
72.0,62.0,69.48,5.0,4464.0,67.0,5002.56,360.0,63.0
72.0,62.0,69.48,5.0,4464.0,67.0,5002.56,360.0,73.0
72.0,61.0,68.94,1.0,4392.0,66.5,4963.68,72.0,67.0
71.0,69.0,72.76,5.0,4899.0,70.0,5165.96,355.0,70.5
71.0,69.0,72.76,5.0,4899.0,70.0,5165.96,355.0,70.0
71.0,69.0,72.76,5.0,4899.0,70.0,5165.96,355.0,66.5
71.0,69.0,72.76,5.0,4899.0,70.0,5165.96,355.0,63.0
71.0,69.0,72.76,5.0,4899.0,70.0,5165.96,355.0,67.5
71.0,67.0,71.68,4.0,4757.0,69.0,5089.280000000001,284.0,67.2
71.0,67.0,71.68,4.0,4757.0,69.0,5089.280000000001,284.0,66.7
71.0,67.0,71.68,4.0,4757.0,69.0,5089.280000000001,284.0,64.0
71.0,67.0,71.68,4.0,4757.0,69.0,5089.280000000001,284.0,71.0
71.0,66.0,71.14,4.0,4686.0,68.5,5050.94,284.0,70.0
71.0,66.0,71.14,4.0,4686.0,68.5,5050.94,284.0,70.0
71.0,66.0,71.14,4.0,4686.0,68.5,5050.94,284.0,66.0
71.0,66.0,71.14,4.0,4686.0,68.5,5050.94,284.0,65.0
71.0,66.0,71.14,6.0,4686.0,68.5,5050.94,426.0,65.0
71.0,66.0,71.14,6.0,4686.0,68.5,5050.94,426.0,74.0
71.0,66.0,71.14,6.0,4686.0,68.5,5050.94,426.0,72.0
71.0,66.0,71.14,6.0,4686.0,68.5,5050.94,426.0,69.0
71.0,66.0,71.14,6.0,4686.0,68.5,5050.94,426.0,67.5
71.0,66.0,71.14,6.0,4686.0,68.5,5050.94,426.0,63.5
71.0,66.0,71.14,2.0,4686.0,68.5,5050.94,142.0,72.0
71.0,66.0,71.14,2.0,4686.0,68.5,5050.94,142.0,71.5
71.0,66.0,71.14,5.0,4686.0,68.5,5050.94,355.0,71.5
71.0,66.0,71.14,5.0,4686.0,68.5,5050.94,355.0,70.0
71.0,66.0,71.14,5.0,4686.0,68.5,5050.94,355.0,68.0
71.0,66.0,71.14,5.0,4686.0,68.5,5050.94,355.0,65.7
71.0,66.0,71.14,5.0,4686.0,68.5,5050.94,355.0,78.0
71.7,65.5,71.22,1.0,4696.35,68.6,5106.474,71.7,74.0
71.0,65.5,70.87,6.0,4650.5,68.25,5031.77,426.0,73.0
71.0,65.5,70.87,6.0,4650.5,68.25,5031.77,426.0,72.0
71.0,65.5,70.87,6.0,4650.5,68.25,5031.77,426.0,67.0
71.0,65.5,70.87,6.0,4650.5,68.25,5031.77,426.0,73.2
71.0,65.5,70.87,6.0,4650.5,68.25,5031.77,426.0,73.0
71.0,65.5,70.87,6.0,4650.5,68.25,5031.77,426.0,69.0
71.5,65.5,71.12,2.0,4683.25,68.5,5085.08,143.0,67.0
71.5,65.5,71.12,2.0,4683.25,68.5,5085.08,143.0,70.0
71.5,65.0,70.85,2.0,4647.5,68.25,5065.775,143.0,67.0
71.5,65.0,70.85,2.0,4647.5,68.25,5065.775,143.0,67.0
71.0,65.0,70.6,3.0,4615.0,68.0,5012.599999999999,213.0,66.5
71.0,65.0,70.6,3.0,4615.0,68.0,5012.599999999999,213.0,70.0
71.0,65.0,70.6,3.0,4615.0,68.0,5012.599999999999,213.0,69.0
71.0,64.0,70.06,8.0,4544.0,67.5,4974.26,568.0,68.5
71.0,64.0,70.06,8.0,4544.0,67.5,4974.26,568.0,66.0
71.0,64.0,70.06,8.0,4544.0,67.5,4974.26,568.0,64.5
71.0,64.0,70.06,8.0,4544.0,67.5,4974.26,568.0,63.0
71.0,64.0,70.06,8.0,4544.0,67.5,4974.26,568.0,71.0
71.0,64.0,70.06,8.0,4544.0,67.5,4974.26,568.0,67.0
71.0,64.0,70.06,8.0,4544.0,67.5,4974.26,568.0,76.0
71.0,64.0,70.06,8.0,4544.0,67.5,4974.26,568.0,72.0
71.7,64.5,70.68,4.0,4624.650000000001,68.1,5067.756,286.8,71.0
71.7,64.5,70.68,4.0,4624.650000000001,68.1,5067.756,286.8,66.0
71.7,64.5,70.68,4.0,4624.650000000001,68.1,5067.756,286.8,66.0
71.7,64.5,70.68,4.0,4624.650000000001,68.1,5067.756,286.8,70.5
71.0,64.0,70.06,3.0,4544.0,67.5,4974.26,213.0,72.0
71.0,64.0,70.06,3.0,4544.0,67.5,4974.26,213.0,72.0
71.0,64.0,70.06,3.0,4544.0,67.5,4974.26,213.0,71.0
71.5,64.5,70.58000000000001,7.0,4611.75,68.0,5046.470000000001,500.5,69.0
71.5,64.5,70.58000000000001,7.0,4611.75,68.0,5046.470000000001,500.5,66.0
71.5,64.5,70.58000000000001,7.0,4611.75,68.0,5046.470000000001,500.5,65.0
71.5,64.5,70.58000000000001,7.0,4611.75,68.0,5046.470000000001,500.5,73.0
71.5,64.5,70.58000000000001,7.0,4611.75,68.0,5046.470000000001,500.5,65.2
71.5,64.5,70.58000000000001,7.0,4611.75,68.0,5046.470000000001,500.5,68.5
71.5,64.5,70.58000000000001,7.0,4611.75,68.0,5046.470000000001,500.5,67.7
71.0,64.5,70.33000000000001,2.0,4579.5,67.75,4993.430000000001,142.0,68.0
71.0,64.5,70.33000000000001,2.0,4579.5,67.75,4993.430000000001,142.0,68.0
71.2,63.0,69.62,2.0,4485.6,67.1,4956.944,142.4,62.0
71.2,63.0,69.62,2.0,4485.6,67.1,4956.944,142.4,68.0
71.0,63.5,69.78999999999999,5.0,4508.5,67.25,4955.089999999999,355.0,68.0
71.0,63.5,69.78999999999999,5.0,4508.5,67.25,4955.089999999999,355.0,67.5
71.0,63.5,69.78999999999999,5.0,4508.5,67.25,4955.089999999999,355.0,66.5
71.0,63.5,69.78999999999999,5.0,4508.5,67.25,4955.089999999999,355.0,66.5
71.0,63.5,69.78999999999999,5.0,4508.5,67.25,4955.089999999999,355.0,66.0
71.0,63.0,69.52000000000001,9.0,4473.0,67.0,4935.920000000001,639.0,65.5
71.0,63.0,69.52000000000001,9.0,4473.0,67.0,4935.920000000001,639.0,65.0
71.0,63.0,69.52000000000001,9.0,4473.0,67.0,4935.920000000001,639.0,72.0
71.0,63.0,69.52000000000001,9.0,4473.0,67.0,4935.920000000001,639.0,71.0
71.0,63.0,69.52000000000001,9.0,4473.0,67.0,4935.920000000001,639.0,70.5
71.0,63.0,69.52000000000001,9.0,4473.0,67.0,4935.920000000001,639.0,67.0
71.0,63.0,69.52000000000001,9.0,4473.0,67.0,4935.920000000001,639.0,68.0
71.0,63.0,69.52000000000001,9.0,4473.0,67.0,4935.920000000001,639.0,68.0
71.0,63.0,69.52000000000001,9.0,4473.0,67.0,4935.920000000001,639.0,68.0
71.0,63.0,69.52000000000001,4.0,4473.0,67.0,4935.920000000001,284.0,72.0
71.0,63.0,69.52000000000001,4.0,4473.0,67.0,4935.920000000001,284.0,71.0
71.0,63.0,69.52000000000001,4.0,4473.0,67.0,4935.920000000001,284.0,70.0
71.0,63.0,69.52000000000001,4.0,4473.0,67.0,4935.920000000001,284.0,66.0
71.0,62.0,68.98,5.0,4402.0,66.5,4897.58,355.0,64.5
71.0,62.0,68.98,5.0,4402.0,66.5,4897.58,355.0,64.5
71.0,62.0,68.98,5.0,4402.0,66.5,4897.58,355.0,62.0
71.0,62.0,68.98,5.0,4402.0,66.5,4897.58,355.0,73.0
71.0,62.0,68.98,5.0,4402.0,66.5,4897.58,355.0,62.0
71.0,62.0,68.98,5.0,4402.0,66.5,4897.58,355.0,67.5
71.0,62.0,68.98,5.0,4402.0,66.5,4897.58,355.0,64.5
71.0,62.0,68.98,5.0,4402.0,66.5,4897.58,355.0,71.0
71.0,62.0,68.98,5.0,4402.0,66.5,4897.58,355.0,67.0
71.0,62.0,68.98,5.0,4402.0,66.5,4897.58,355.0,66.0
71.0,62.5,69.25,5.0,4437.5,66.75,4916.75,355.0,65.0
71.0,62.5,69.25,5.0,4437.5,66.75,4916.75,355.0,63.5
71.0,62.5,69.25,5.0,4437.5,66.75,4916.75,355.0,71.0
71.0,62.5,69.25,5.0,4437.5,66.75,4916.75,355.0,70.0
71.0,62.5,69.25,5.0,4437.5,66.75,4916.75,355.0,70.0
71.0,62.0,68.98,7.0,4402.0,66.5,4897.58,497.0,64.0
71.0,62.0,68.98,7.0,4402.0,66.5,4897.58,497.0,65.0
71.0,62.0,68.98,7.0,4402.0,66.5,4897.58,497.0,65.0
71.0,62.0,68.98,7.0,4402.0,66.5,4897.58,497.0,64.0
71.0,62.0,68.98,7.0,4402.0,66.5,4897.58,497.0,63.0
71.0,62.0,68.98,7.0,4402.0,66.5,4897.58,497.0,63.0
71.0,62.0,68.98,7.0,4402.0,66.5,4897.58,497.0,71.0
71.0,61.0,68.44,1.0,4331.0,66.0,4859.24,71.0,71.0
71.0,58.0,66.82,2.0,4118.0,64.5,4744.219999999999,142.0,70.0
71.0,58.0,66.82,2.0,4118.0,64.5,4744.219999999999,142.0,63.5
70.0,69.0,72.26,4.0,4830.0,69.5,5058.200000000001,280.0,71.0
70.0,69.0,72.26,4.0,4830.0,69.5,5058.200000000001,280.0,70.0
70.0,69.0,72.26,4.0,4830.0,69.5,5058.200000000001,280.0,64.5
70.0,69.0,72.26,4.0,4830.0,69.5,5058.200000000001,280.0,62.5
70.0,69.0,72.26,6.0,4830.0,69.5,5058.200000000001,420.0,61.5
70.0,69.0,72.26,6.0,4830.0,69.5,5058.200000000001,420.0,72.0
70.0,69.0,72.26,6.0,4830.0,69.5,5058.200000000001,420.0,70.5
70.0,69.0,72.26,6.0,4830.0,69.5,5058.200000000001,420.0,70.5
70.0,69.0,72.26,6.0,4830.0,69.5,5058.200000000001,420.0,64.5
70.0,69.0,72.26,6.0,4830.0,69.5,5058.200000000001,420.0,60.0
70.0,68.0,71.72,1.0,4760.0,69.0,5020.4,70.0,70.0
70.0,67.0,71.18,5.0,4690.0,68.5,4982.6,350.0,64.0
70.0,67.0,71.18,5.0,4690.0,68.5,4982.6,350.0,64.0
70.0,67.0,71.18,5.0,4690.0,68.5,4982.6,350.0,64.0
70.0,67.0,71.18,5.0,4690.0,68.5,4982.6,350.0,62.5
70.0,67.0,71.18,5.0,4690.0,68.5,4982.6,350.0,70.5
70.0,67.0,71.18,1.0,4690.0,68.5,4982.6,70.0,70.0
70.0,66.5,70.91,11.0,4655.0,68.25,4963.7,770.0,69.0
70.0,66.5,70.91,11.0,4655.0,68.25,4963.7,770.0,69.0
70.0,66.5,70.91,11.0,4655.0,68.25,4963.7,770.0,66.0
70.0,66.5,70.91,11.0,4655.0,68.25,4963.7,770.0,64.5
70.0,66.5,70.91,11.0,4655.0,68.25,4963.7,770.0,64.0
70.0,66.5,70.91,11.0,4655.0,68.25,4963.7,770.0,62.0
70.0,66.5,70.91,11.0,4655.0,68.25,4963.7,770.0,71.5
70.0,66.5,70.91,11.0,4655.0,68.25,4963.7,770.0,69.0
70.0,66.5,70.91,11.0,4655.0,68.25,4963.7,770.0,71.0
70.0,66.5,70.91,11.0,4655.0,68.25,4963.7,770.0,70.0
70.0,66.5,70.91,11.0,4655.0,68.25,4963.7,770.0,69.0
70.5,65.0,70.35,4.0,4582.5,67.75,4959.674999999999,282.0,69.0
70.5,65.0,70.35,4.0,4582.5,67.75,4959.674999999999,282.0,70.0
70.5,65.0,70.35,4.0,4582.5,67.75,4959.674999999999,282.0,68.7
70.5,65.0,70.35,4.0,4582.5,67.75,4959.674999999999,282.0,68.0
70.5,65.0,70.35,5.0,4582.5,67.75,4959.674999999999,352.5,66.0
70.5,65.0,70.35,5.0,4582.5,67.75,4959.674999999999,352.5,64.0
70.5,65.0,70.35,5.0,4582.5,67.75,4959.674999999999,352.5,62.0
70.5,65.0,70.35,5.0,4582.5,67.75,4959.674999999999,352.5,75.0
70.5,65.0,70.35,5.0,4582.5,67.75,4959.674999999999,352.5,70.0
70.0,65.0,70.1,8.0,4550.0,67.5,4907.0,560.0,69.0
70.0,65.0,70.1,8.0,4550.0,67.5,4907.0,560.0,66.0
70.0,65.0,70.1,8.0,4550.0,67.5,4907.0,560.0,64.0
70.0,65.0,70.1,8.0,4550.0,67.5,4907.0,560.0,60.0
70.0,65.0,70.1,8.0,4550.0,67.5,4907.0,560.0,67.5
70.0,65.0,70.1,8.0,4550.0,67.5,4907.0,560.0,73.0
70.0,65.0,70.1,8.0,4550.0,67.5,4907.0,560.0,72.0
70.0,65.0,70.1,8.0,4550.0,67.5,4907.0,560.0,72.0
70.0,65.0,70.1,5.0,4550.0,67.5,4907.0,350.0,66.5
70.0,65.0,70.1,5.0,4550.0,67.5,4907.0,350.0,69.2
70.0,65.0,70.1,5.0,4550.0,67.5,4907.0,350.0,67.2
70.0,65.0,70.1,5.0,4550.0,67.5,4907.0,350.0,66.5
70.0,65.0,70.1,5.0,4550.0,67.5,4907.0,350.0,66.0
70.0,65.0,70.1,6.0,4550.0,67.5,4907.0,420.0,66.0
70.0,65.0,70.1,6.0,4550.0,67.5,4907.0,420.0,64.2
70.0,65.0,70.1,6.0,4550.0,67.5,4907.0,420.0,63.7
70.0,65.0,70.1,6.0,4550.0,67.5,4907.0,420.0,72.0
70.0,65.0,70.1,6.0,4550.0,67.5,4907.0,420.0,70.2
70.0,65.0,70.1,6.0,4550.0,67.5,4907.0,420.0,69.0
70.0,65.0,70.1,7.0,4550.0,67.5,4907.0,490.0,68.5
70.0,65.0,70.1,7.0,4550.0,67.5,4907.0,490.0,68.0
70.0,65.0,70.1,7.0,4550.0,67.5,4907.0,490.0,65.0
70.0,65.0,70.1,7.0,4550.0,67.5,4907.0,490.0,61.5
70.0,65.0,70.1,7.0,4550.0,67.5,4907.0,490.0,61.0
70.0,65.0,70.1,7.0,4550.0,67.5,4907.0,490.0,61.0
70.0,65.0,70.1,7.0,4550.0,67.5,4907.0,490.0,73.0
70.0,65.0,70.1,3.0,4550.0,67.5,4907.0,210.0,72.0
70.0,65.0,70.1,3.0,4550.0,67.5,4907.0,210.0,70.5
70.0,65.0,70.1,3.0,4550.0,67.5,4907.0,210.0,65.0
70.0,65.0,70.1,2.0,4550.0,67.5,4907.0,140.0,65.0
70.0,65.0,70.1,2.0,4550.0,67.5,4907.0,140.0,64.5
70.0,64.7,69.938,7.0,4529.0,67.35,4895.66,490.0,63.0
70.0,64.7,69.938,7.0,4529.0,67.35,4895.66,490.0,62.0
70.0,64.7,69.938,7.0,4529.0,67.35,4895.66,490.0,67.0
70.0,64.7,69.938,7.0,4529.0,67.35,4895.66,490.0,65.0
70.0,64.7,69.938,7.0,4529.0,67.35,4895.66,490.0,64.5
70.0,64.7,69.938,7.0,4529.0,67.35,4895.66,490.0,62.5
70.0,64.7,69.938,7.0,4529.0,67.35,4895.66,490.0,62.5
70.0,64.0,69.56,7.0,4480.0,67.0,4869.2,490.0,70.0
70.0,64.0,69.56,7.0,4480.0,67.0,4869.2,490.0,70.0
70.0,64.0,69.56,7.0,4480.0,67.0,4869.2,490.0,67.0
70.0,64.0,69.56,7.0,4480.0,67.0,4869.2,490.0,65.0
70.0,64.0,69.56,7.0,4480.0,67.0,4869.2,490.0,65.0
70.0,64.0,69.56,7.0,4480.0,67.0,4869.2,490.0,63.0
70.0,64.0,69.56,7.0,4480.0,67.0,4869.2,490.0,79.0
70.0,64.0,69.56,4.0,4480.0,67.0,4869.2,280.0,75.0
70.0,64.0,69.56,4.0,4480.0,67.0,4869.2,280.0,71.0
70.0,64.0,69.56,4.0,4480.0,67.0,4869.2,280.0,69.0
70.0,64.0,69.56,4.0,4480.0,67.0,4869.2,280.0,67.0
70.0,64.2,69.668,5.0,4494.0,67.1,4876.76,350.0,65.7
70.0,64.2,69.668,5.0,4494.0,67.1,4876.76,350.0,62.0
70.0,64.2,69.668,5.0,4494.0,67.1,4876.76,350.0,73.0
70.0,64.2,69.668,5.0,4494.0,67.1,4876.76,350.0,72.5
70.0,64.2,69.668,5.0,4494.0,67.1,4876.76,350.0,65.0
70.5,64.0,69.81,8.0,4512.0,67.25,4921.6050000000005,564.0,69.0
70.5,64.0,69.81,8.0,4512.0,67.25,4921.6050000000005,564.0,69.0
70.5,64.0,69.81,8.0,4512.0,67.25,4921.6050000000005,564.0,72.0
70.5,64.0,69.81,8.0,4512.0,67.25,4921.6050000000005,564.0,70.0
70.5,64.0,69.81,8.0,4512.0,67.25,4921.6050000000005,564.0,68.7
70.5,64.0,69.81,8.0,4512.0,67.25,4921.6050000000005,564.0,66.5
70.5,64.0,69.81,8.0,4512.0,67.25,4921.6050000000005,564.0,65.5
70.5,64.0,69.81,8.0,4512.0,67.25,4921.6050000000005,564.0,64.7
70.5,64.5,70.08000000000001,1.0,4547.25,67.5,4940.640000000001,70.5,64.5
70.0,64.0,69.56,4.0,4480.0,67.0,4869.2,280.0,70.7
70.0,64.0,69.56,4.0,4480.0,67.0,4869.2,280.0,70.0
70.0,64.0,69.56,4.0,4480.0,67.0,4869.2,280.0,68.0
70.0,64.0,69.56,4.0,4480.0,67.0,4869.2,280.0,67.0
70.0,64.0,69.56,9.0,4480.0,67.0,4869.2,630.0,66.0
70.0,64.0,69.56,9.0,4480.0,67.0,4869.2,630.0,65.0
70.0,64.0,69.56,9.0,4480.0,67.0,4869.2,630.0,67.0
70.0,64.0,69.56,9.0,4480.0,67.0,4869.2,630.0,70.0
70.0,64.0,69.56,9.0,4480.0,67.0,4869.2,630.0,68.0
70.0,64.0,69.56,9.0,4480.0,67.0,4869.2,630.0,66.7
70.0,64.0,69.56,9.0,4480.0,67.0,4869.2,630.0,65.5
70.0,64.0,69.56,9.0,4480.0,67.0,4869.2,630.0,72.0
70.0,64.0,69.56,9.0,4480.0,67.0,4869.2,630.0,70.0
70.0,63.7,69.398,8.0,4459.0,66.85,4857.86,560.0,62.5
70.0,63.7,69.398,8.0,4459.0,66.85,4857.86,560.0,61.2
70.0,63.7,69.398,8.0,4459.0,66.85,4857.86,560.0,60.1
70.0,63.7,69.398,8.0,4459.0,66.85,4857.86,560.0,74.0
70.0,63.7,69.398,8.0,4459.0,66.85,4857.86,560.0,69.5
70.0,63.7,69.398,8.0,4459.0,66.85,4857.86,560.0,69.0
70.0,63.7,69.398,8.0,4459.0,66.85,4857.86,560.0,68.0
70.0,63.7,69.398,8.0,4459.0,66.85,4857.86,560.0,68.0
70.5,63.0,69.27000000000001,4.0,4441.5,66.75,4883.535000000001,282.0,68.0
70.5,63.0,69.27000000000001,4.0,4441.5,66.75,4883.535000000001,282.0,65.5
70.5,63.0,69.27000000000001,4.0,4441.5,66.75,4883.535000000001,282.0,65.0
70.5,63.0,69.27000000000001,4.0,4441.5,66.75,4883.535000000001,282.0,60.0
70.5,63.0,69.27000000000001,5.0,4441.5,66.75,4883.535000000001,352.5,68.0
70.5,63.0,69.27000000000001,5.0,4441.5,66.75,4883.535000000001,352.5,65.0
70.5,63.0,69.27000000000001,5.0,4441.5,66.75,4883.535000000001,352.5,64.0
70.5,63.0,69.27000000000001,5.0,4441.5,66.75,4883.535000000001,352.5,62.0
70.5,63.0,69.27000000000001,5.0,4441.5,66.75,4883.535000000001,352.5,71.0
70.0,63.5,69.28999999999999,4.0,4445.0,66.75,4850.299999999999,280.0,70.0
70.0,63.5,69.28999999999999,4.0,4445.0,66.75,4850.299999999999,280.0,70.0
70.0,63.5,69.28999999999999,4.0,4445.0,66.75,4850.299999999999,280.0,70.0
70.0,63.5,69.28999999999999,4.0,4445.0,66.75,4850.299999999999,280.0,69.5
70.0,63.0,69.02000000000001,4.0,4410.0,66.5,4831.400000000001,280.0,68.5
70.0,63.0,69.02000000000001,4.0,4410.0,66.5,4831.400000000001,280.0,69.0
70.0,63.0,69.02000000000001,4.0,4410.0,66.5,4831.400000000001,280.0,65.0
70.0,63.0,69.02000000000001,4.0,4410.0,66.5,4831.400000000001,280.0,64.0
70.0,63.0,69.02000000000001,4.0,4410.0,66.5,4831.400000000001,280.0,70.0
70.0,63.0,69.02000000000001,4.0,4410.0,66.5,4831.400000000001,280.0,67.0
70.0,63.0,69.02000000000001,4.0,4410.0,66.5,4831.400000000001,280.0,65.5
70.0,63.0,69.02000000000001,4.0,4410.0,66.5,4831.400000000001,280.0,63.7
70.5,62.0,68.73,8.0,4371.0,66.25,4845.465,564.0,63.2
70.5,62.0,68.73,8.0,4371.0,66.25,4845.465,564.0,62.5
70.5,62.0,68.73,8.0,4371.0,66.25,4845.465,564.0,62.2
70.5,62.0,68.73,8.0,4371.0,66.25,4845.465,564.0,61.0
70.5,62.0,68.73,8.0,4371.0,66.25,4845.465,564.0,70.0
70.5,62.0,68.73,8.0,4371.0,66.25,4845.465,564.0,68.5
70.5,62.0,68.73,8.0,4371.0,66.25,4845.465,564.0,65.5
70.5,62.0,68.73,8.0,4371.0,66.25,4845.465,564.0,63.5
70.3,62.7,69.00800000000001,7.0,4407.81,66.5,4851.2624000000005,492.09999999999997,72.5
70.3,62.7,69.00800000000001,7.0,4407.81,66.5,4851.2624000000005,492.09999999999997,69.0
70.3,62.7,69.00800000000001,7.0,4407.81,66.5,4851.2624000000005,492.09999999999997,67.0
70.3,62.7,69.00800000000001,7.0,4407.81,66.5,4851.2624000000005,492.09999999999997,64.5
70.3,62.7,69.00800000000001,7.0,4407.81,66.5,4851.2624000000005,492.09999999999997,64.0
70.3,62.7,69.00800000000001,7.0,4407.81,66.5,4851.2624000000005,492.09999999999997,71.0
70.3,62.7,69.00800000000001,7.0,4407.81,66.5,4851.2624000000005,492.09999999999997,67.5
70.5,62.0,68.73,3.0,4371.0,66.25,4845.465,211.5,67.5
70.5,62.0,68.73,3.0,4371.0,66.25,4845.465,211.5,63.5
70.5,62.0,68.73,3.0,4371.0,66.25,4845.465,211.5,68.0
70.0,61.0,67.94,2.0,4270.0,65.5,4755.8,140.0,67.0
70.0,61.0,67.94,2.0,4270.0,65.5,4755.8,140.0,63.7
70.0,60.0,67.4,4.0,4200.0,65.0,4718.0,280.0,62.0
70.0,60.0,67.4,4.0,4200.0,65.0,4718.0,280.0,70.0
70.0,60.0,67.4,4.0,4200.0,65.0,4718.0,280.0,66.5
70.0,60.0,67.4,4.0,4200.0,65.0,4718.0,280.0,62.0
70.0,60.0,67.4,2.0,4200.0,65.0,4718.0,140.0,61.0
70.0,60.0,67.4,2.0,4200.0,65.0,4718.0,140.0,72.0
70.0,58.5,66.59,3.0,4095.0,64.25,4661.3,210.0,70.0
70.0,58.5,66.59,3.0,4095.0,64.25,4661.3,210.0,69.5
70.0,58.5,66.59,3.0,4095.0,64.25,4661.3,210.0,69.5
70.0,58.0,66.32,5.0,4060.0,64.0,4642.4,350.0,68.0
70.0,58.0,66.32,5.0,4060.0,64.0,4642.4,350.0,65.0
70.0,58.0,66.32,5.0,4060.0,64.0,4642.4,350.0,64.0
70.0,58.0,66.32,5.0,4060.0,64.0,4642.4,350.0,63.0
70.0,58.0,66.32,5.0,4060.0,64.0,4642.4,350.0,70.7
69.0,68.5,71.49000000000001,10.0,4726.5,68.75,4932.81,690.0,69.7
69.0,68.5,71.49000000000001,10.0,4726.5,68.75,4932.81,690.0,69.2
69.0,68.5,71.49000000000001,10.0,4726.5,68.75,4932.81,690.0,65.2
69.0,68.5,71.49000000000001,10.0,4726.5,68.75,4932.81,690.0,64.0
69.0,68.5,71.49000000000001,10.0,4726.5,68.75,4932.81,690.0,63.5
69.0,68.5,71.49000000000001,10.0,4726.5,68.75,4932.81,690.0,63.2
69.0,68.5,71.49000000000001,10.0,4726.5,68.75,4932.81,690.0,72.0
69.0,68.5,71.49000000000001,10.0,4726.5,68.75,4932.81,690.0,72.0
69.0,68.5,71.49000000000001,10.0,4726.5,68.75,4932.81,690.0,60.0
69.0,68.5,71.49000000000001,10.0,4726.5,68.75,4932.81,690.0,71.2
69.0,67.0,70.68,1.0,4623.0,68.0,4876.92,69.0,67.0
69.0,66.0,70.14,8.0,4554.0,67.5,4839.66,552.0,67.0
69.0,66.0,70.14,8.0,4554.0,67.5,4839.66,552.0,64.5
69.0,66.0,70.14,8.0,4554.0,67.5,4839.66,552.0,65.0
69.0,66.0,70.14,8.0,4554.0,67.5,4839.66,552.0,63.0
69.0,66.0,70.14,8.0,4554.0,67.5,4839.66,552.0,65.0
69.0,66.0,70.14,8.0,4554.0,67.5,4839.66,552.0,65.0
69.0,66.0,70.14,8.0,4554.0,67.5,4839.66,552.0,71.5
69.0,66.0,70.14,8.0,4554.0,67.5,4839.66,552.0,64.5
69.0,66.0,70.14,3.0,4554.0,67.5,4839.66,207.0,63.0
69.0,66.0,70.14,3.0,4554.0,67.5,4839.66,207.0,72.0
69.0,66.0,70.14,3.0,4554.0,67.5,4839.66,207.0,66.0
69.0,66.7,70.518,4.0,4602.3,67.85,4865.742,276.0,66.0
69.0,66.7,70.518,4.0,4602.3,67.85,4865.742,276.0,65.0
69.0,66.7,70.518,4.0,4602.3,67.85,4865.742,276.0,63.0
69.0,66.7,70.518,4.0,4602.3,67.85,4865.742,276.0,75.0
69.0,66.0,70.14,6.0,4554.0,67.5,4839.66,414.0,71.0
69.0,66.0,70.14,6.0,4554.0,67.5,4839.66,414.0,70.0
69.0,66.0,70.14,6.0,4554.0,67.5,4839.66,414.0,66.0
69.0,66.0,70.14,6.0,4554.0,67.5,4839.66,414.0,66.0
69.0,66.0,70.14,6.0,4554.0,67.5,4839.66,414.0,65.5
69.0,66.0,70.14,6.0,4554.0,67.5,4839.66,414.0,65.0
69.0,66.5,70.41,7.0,4588.5,67.75,4858.29,483.0,65.0
69.0,66.5,70.41,7.0,4588.5,67.75,4858.29,483.0,64.0
69.0,66.5,70.41,7.0,4588.5,67.75,4858.29,483.0,64.0
69.0,66.5,70.41,7.0,4588.5,67.75,4858.29,483.0,64.0
69.0,66.5,70.41,7.0,4588.5,67.75,4858.29,483.0,73.0
69.0,66.5,70.41,7.0,4588.5,67.75,4858.29,483.0,72.0
69.0,66.5,70.41,7.0,4588.5,67.75,4858.29,483.0,71.7
69.5,66.5,70.66,4.0,4621.75,68.0,4910.87,278.0,71.5
69.5,66.5,70.66,4.0,4621.75,68.0,4910.87,278.0,65.5
69.5,66.5,70.66,4.0,4621.75,68.0,4910.87,278.0,65.0
69.5,66.5,70.66,4.0,4621.75,68.0,4910.87,278.0,62.7
69.0,66.5,70.41,6.0,4588.5,67.75,4858.29,414.0,62.5
69.0,66.5,70.41,6.0,4588.5,67.75,4858.29,414.0,71.2
69.0,66.5,70.41,6.0,4588.5,67.75,4858.29,414.0,71.0
69.0,66.5,70.41,6.0,4588.5,67.75,4858.29,414.0,70.0
69.0,66.5,70.41,6.0,4588.5,67.75,4858.29,414.0,75.0
69.0,66.5,70.41,6.0,4588.5,67.75,4858.29,414.0,74.0
69.5,66.0,70.39,7.0,4587.0,67.75,4892.1050000000005,486.5,72.0
69.5,66.0,70.39,7.0,4587.0,67.75,4892.1050000000005,486.5,68.5
69.5,66.0,70.39,7.0,4587.0,67.75,4892.1050000000005,486.5,70.0
69.5,66.0,70.39,7.0,4587.0,67.75,4892.1050000000005,486.5,68.5
69.5,66.0,70.39,7.0,4587.0,67.75,4892.1050000000005,486.5,68.0
69.5,66.0,70.39,7.0,4587.0,67.75,4892.1050000000005,486.5,65.0
69.5,66.0,70.39,7.0,4587.0,67.75,4892.1050000000005,486.5,63.0
69.0,66.0,70.14,9.0,4554.0,67.5,4839.66,621.0,62.5
69.0,66.0,70.14,9.0,4554.0,67.5,4839.66,621.0,73.0
69.0,66.0,70.14,9.0,4554.0,67.5,4839.66,621.0,71.0
69.0,66.0,70.14,9.0,4554.0,67.5,4839.66,621.0,70.5
69.0,66.0,70.14,9.0,4554.0,67.5,4839.66,621.0,70.5
69.0,66.0,70.14,9.0,4554.0,67.5,4839.66,621.0,67.0
69.0,66.0,70.14,9.0,4554.0,67.5,4839.66,621.0,66.0
69.0,66.0,70.14,9.0,4554.0,67.5,4839.66,621.0,61.0
69.0,66.0,70.14,9.0,4554.0,67.5,4839.66,621.0,70.5
69.0,65.0,69.6,7.0,4485.0,67.0,4802.4,483.0,67.5
69.0,65.0,69.6,7.0,4485.0,67.0,4802.4,483.0,64.5
69.0,65.0,69.6,7.0,4485.0,67.0,4802.4,483.0,64.0
69.0,65.0,69.6,7.0,4485.0,67.0,4802.4,483.0,71.0
69.0,65.0,69.6,7.0,4485.0,67.0,4802.4,483.0,68.5
69.0,65.0,69.6,7.0,4485.0,67.0,4802.4,483.0,67.5
69.0,65.0,69.6,7.0,4485.0,67.0,4802.4,483.0,66.0
69.5,64.5,69.58000000000001,7.0,4482.75,67.0,4835.810000000001,486.5,63.0
69.5,64.5,69.58000000000001,7.0,4482.75,67.0,4835.810000000001,486.5,63.0
69.5,64.5,69.58000000000001,7.0,4482.75,67.0,4835.810000000001,486.5,71.0
69.5,64.5,69.58000000000001,7.0,4482.75,67.0,4835.810000000001,486.5,71.0
69.5,64.5,69.58000000000001,7.0,4482.75,67.0,4835.810000000001,486.5,70.5
69.5,64.5,69.58000000000001,7.0,4482.75,67.0,4835.810000000001,486.5,70.5
69.5,64.5,69.58000000000001,7.0,4482.75,67.0,4835.810000000001,486.5,66.5
69.2,64.0,69.16,4.0,4428.8,66.6,4785.872,276.8,65.5
69.2,64.0,69.16,4.0,4428.8,66.6,4785.872,276.8,64.5
69.2,64.0,69.16,4.0,4428.8,66.6,4785.872,276.8,73.0
69.2,64.0,69.16,4.0,4428.8,66.6,4785.872,276.8,72.0
69.0,63.5,68.78999999999999,1.0,4381.5,66.25,4746.509999999999,69.0,69.0
69.0,63.0,68.52000000000001,3.0,4347.0,66.0,4727.880000000001,207.0,69.0
69.0,63.0,68.52000000000001,3.0,4347.0,66.0,4727.880000000001,207.0,66.5
69.0,63.0,68.52000000000001,3.0,4347.0,66.0,4727.880000000001,207.0,65.5
69.0,63.0,68.52000000000001,1.0,4347.0,66.0,4727.880000000001,69.0,65.5
69.0,63.0,68.52000000000001,6.0,4347.0,66.0,4727.880000000001,414.0,65.0
69.0,63.0,68.52000000000001,6.0,4347.0,66.0,4727.880000000001,414.0,64.0
69.0,63.0,68.52000000000001,6.0,4347.0,66.0,4727.880000000001,414.0,70.0
69.0,63.0,68.52000000000001,6.0,4347.0,66.0,4727.880000000001,414.0,68.5
69.0,63.0,68.52000000000001,6.0,4347.0,66.0,4727.880000000001,414.0,67.0
69.0,63.0,68.52000000000001,6.0,4347.0,66.0,4727.880000000001,414.0,65.0
69.0,63.5,68.78999999999999,7.0,4381.5,66.25,4746.509999999999,483.0,64.0
69.0,63.5,68.78999999999999,7.0,4381.5,66.25,4746.509999999999,483.0,63.5
69.0,63.5,68.78999999999999,7.0,4381.5,66.25,4746.509999999999,483.0,61.0
69.0,63.5,68.78999999999999,7.0,4381.5,66.25,4746.509999999999,483.0,69.7
69.0,63.5,68.78999999999999,7.0,4381.5,66.25,4746.509999999999,483.0,68.0
69.0,63.5,68.78999999999999,7.0,4381.5,66.25,4746.509999999999,483.0,60.0
69.0,63.5,68.78999999999999,7.0,4381.5,66.25,4746.509999999999,483.0,65.2
69.0,63.5,68.78999999999999,3.0,4381.5,66.25,4746.509999999999,207.0,64.5
69.0,63.5,68.78999999999999,3.0,4381.5,66.25,4746.509999999999,207.0,63.7
69.0,63.5,68.78999999999999,3.0,4381.5,66.25,4746.509999999999,207.0,60.0
69.7,62.0,68.33000000000001,1.0,4321.400000000001,65.85,4762.6010000000015,69.7,71.7
69.5,62.0,68.23,3.0,4309.0,65.75,4741.985000000001,208.5,66.5
69.5,62.0,68.23,3.0,4309.0,65.75,4741.985000000001,208.5,65.0
69.5,62.0,68.23,3.0,4309.0,65.75,4741.985000000001,208.5,63.5
69.0,62.0,67.98,5.0,4278.0,65.5,4690.62,345.0,65.5
69.0,62.0,67.98,5.0,4278.0,65.5,4690.62,345.0,69.0
69.0,62.0,67.98,5.0,4278.0,65.5,4690.62,345.0,67.5
69.0,62.0,67.98,5.0,4278.0,65.5,4690.62,345.0,63.5
69.0,62.0,67.98,5.0,4278.0,65.5,4690.62,345.0,72.0
69.5,62.0,68.23,11.0,4309.0,65.75,4741.985000000001,764.5,73.0
69.5,62.0,68.23,11.0,4309.0,65.75,4741.985000000001,764.5,70.0
69.5,62.0,68.23,11.0,4309.0,65.75,4741.985000000001,764.5,70.0
69.5,62.0,68.23,11.0,4309.0,65.75,4741.985000000001,764.5,64.0
69.5,62.0,68.23,11.0,4309.0,65.75,4741.985000000001,764.5,66.0
69.5,62.0,68.23,11.0,4309.0,65.75,4741.985000000001,764.5,62.0
69.5,62.0,68.23,11.0,4309.0,65.75,4741.985000000001,764.5,70.5
69.5,62.0,68.23,11.0,4309.0,65.75,4741.985000000001,764.5,67.0
69.5,62.0,68.23,11.0,4309.0,65.75,4741.985000000001,764.5,66.0
69.5,62.0,68.23,11.0,4309.0,65.75,4741.985000000001,764.5,65.0
69.5,62.0,68.23,11.0,4309.0,65.75,4741.985000000001,764.5,63.0
69.0,62.5,68.25,8.0,4312.5,65.75,4709.25,552.0,62.0
69.0,62.5,68.25,8.0,4312.5,65.75,4709.25,552.0,61.0
69.0,62.5,68.25,8.0,4312.5,65.75,4709.25,552.0,70.5
69.0,62.5,68.25,8.0,4312.5,65.75,4709.25,552.0,63.7
69.0,62.5,68.25,8.0,4312.5,65.75,4709.25,552.0,63.0
69.0,62.5,68.25,8.0,4312.5,65.75,4709.25,552.0,62.5
69.0,62.5,68.25,8.0,4312.5,65.75,4709.25,552.0,73.0
69.0,62.5,68.25,8.0,4312.5,65.75,4709.25,552.0,72.0
69.0,62.0,67.98,4.0,4278.0,65.5,4690.62,276.0,69.0
69.0,62.0,67.98,4.0,4278.0,65.5,4690.62,276.0,73.0
69.0,62.0,67.98,4.0,4278.0,65.5,4690.62,276.0,71.0
69.0,62.0,67.98,4.0,4278.0,65.5,4690.62,276.0,71.0
69.5,61.0,67.69,5.0,4239.5,65.25,4704.455,347.5,69.0
69.5,61.0,67.69,5.0,4239.5,65.25,4704.455,347.5,63.0
69.5,61.0,67.69,5.0,4239.5,65.25,4704.455,347.5,72.0
69.5,61.0,67.69,5.0,4239.5,65.25,4704.455,347.5,70.0
69.5,61.0,67.69,5.0,4239.5,65.25,4704.455,347.5,67.8
69.0,61.0,67.44,9.0,4209.0,65.0,4653.36,621.0,65.2
69.0,61.0,67.44,9.0,4209.0,65.0,4653.36,621.0,64.7
69.0,61.0,67.44,9.0,4209.0,65.0,4653.36,621.0,64.5
69.0,61.0,67.44,9.0,4209.0,65.0,4653.36,621.0,63.5
69.0,61.0,67.44,9.0,4209.0,65.0,4653.36,621.0,63.5
69.0,61.0,67.44,9.0,4209.0,65.0,4653.36,621.0,62.5
69.0,61.0,67.44,9.0,4209.0,65.0,4653.36,621.0,62.0
69.0,61.0,67.44,9.0,4209.0,65.0,4653.36,621.0,61.5
69.0,61.0,67.44,9.0,4209.0,65.0,4653.36,621.0,71.0
69.0,60.0,66.9,3.0,4140.0,64.5,4616.1,207.0,70.0
69.0,60.0,66.9,3.0,4140.0,64.5,4616.1,207.0,70.0
69.0,60.0,66.9,3.0,4140.0,64.5,4616.1,207.0,69.0
69.0,60.0,66.9,4.0,4140.0,64.5,4616.1,276.0,63.5
69.0,60.0,66.9,4.0,4140.0,64.5,4616.1,276.0,62.5
69.0,60.0,66.9,4.0,4140.0,64.5,4616.1,276.0,62.5
69.0,60.0,66.9,4.0,4140.0,64.5,4616.1,276.0,62.0
69.0,60.5,67.17,1.0,4174.5,64.75,4634.7300000000005,69.0,72.0
68.7,70.5,72.42,2.0,4843.35,69.6,4975.254,137.4,68.0
68.7,70.5,72.42,2.0,4843.35,69.6,4975.254,137.4,66.0
68.5,67.0,70.43,3.0,4589.5,67.75,4824.455000000001,205.5,66.0
68.5,67.0,70.43,3.0,4589.5,67.75,4824.455000000001,205.5,70.0
68.5,67.0,70.43,3.0,4589.5,67.75,4824.455000000001,205.5,69.5
68.5,66.5,70.16,11.0,4555.25,67.5,4805.96,753.5,69.0
68.5,66.5,70.16,11.0,4555.25,67.5,4805.96,753.5,63.0
68.5,66.5,70.16,11.0,4555.25,67.5,4805.96,753.5,62.0
68.5,66.5,70.16,11.0,4555.25,67.5,4805.96,753.5,68.0
68.5,66.5,70.16,11.0,4555.25,67.5,4805.96,753.5,68.0
68.5,66.5,70.16,11.0,4555.25,67.5,4805.96,753.5,67.5
68.5,66.5,70.16,11.0,4555.25,67.5,4805.96,753.5,64.0
68.5,66.5,70.16,11.0,4555.25,67.5,4805.96,753.5,63.0
68.5,66.5,70.16,11.0,4555.25,67.5,4805.96,753.5,63.0
68.5,66.5,70.16,11.0,4555.25,67.5,4805.96,753.5,63.5
68.5,66.5,70.16,11.0,4555.25,67.5,4805.96,753.5,62.0
68.0,65.0,69.1,2.0,4420.0,66.5,4698.799999999999,136.0,62.0
68.0,65.0,69.1,2.0,4420.0,66.5,4698.799999999999,136.0,70.5
68.0,65.5,69.37,2.0,4454.0,66.75,4717.16,136.0,68.0
68.0,65.5,69.37,2.0,4454.0,66.75,4717.16,136.0,62.5
68.0,65.5,69.37,7.0,4454.0,66.75,4717.16,476.0,69.0
68.0,65.5,69.37,7.0,4454.0,66.75,4717.16,476.0,66.0
68.0,65.5,69.37,7.0,4454.0,66.75,4717.16,476.0,61.7
68.0,65.5,69.37,7.0,4454.0,66.75,4717.16,476.0,60.5
68.0,65.5,69.37,7.0,4454.0,66.75,4717.16,476.0,69.5
68.0,65.5,69.37,7.0,4454.0,66.75,4717.16,476.0,71.0
68.0,65.5,69.37,7.0,4454.0,66.75,4717.16,476.0,61.7
68.0,65.0,69.1,4.0,4420.0,66.5,4698.799999999999,272.0,73.0
68.0,65.0,69.1,4.0,4420.0,66.5,4698.799999999999,272.0,71.0
68.0,65.0,69.1,4.0,4420.0,66.5,4698.799999999999,272.0,67.0
68.0,65.0,69.1,4.0,4420.0,66.5,4698.799999999999,272.0,70.0
68.5,65.0,69.35,8.0,4452.5,66.75,4750.474999999999,548.0,69.0
68.5,65.0,69.35,8.0,4452.5,66.75,4750.474999999999,548.0,69.0
68.5,65.0,69.35,8.0,4452.5,66.75,4750.474999999999,548.0,68.7
68.5,65.0,69.35,8.0,4452.5,66.75,4750.474999999999,548.0,68.5
68.5,65.0,69.35,8.0,4452.5,66.75,4750.474999999999,548.0,68.5
68.5,65.0,69.35,8.0,4452.5,66.75,4750.474999999999,548.0,68.0
68.5,65.0,69.35,8.0,4452.5,66.75,4750.474999999999,548.0,68.0
68.5,65.0,69.35,8.0,4452.5,66.75,4750.474999999999,548.0,68.0
68.5,65.0,69.35,8.0,4452.5,66.75,4750.474999999999,548.0,66.2
68.5,65.0,69.35,8.0,4452.5,66.75,4750.474999999999,548.0,63.2
68.5,65.0,69.35,8.0,4452.5,66.75,4750.474999999999,548.0,67.5
68.5,65.0,69.35,8.0,4452.5,66.75,4750.474999999999,548.0,66.0
68.5,65.0,69.35,8.0,4452.5,66.75,4750.474999999999,548.0,66.0
68.5,65.0,69.35,8.0,4452.5,66.75,4750.474999999999,548.0,64.0
68.5,65.0,69.35,8.0,4452.5,66.75,4750.474999999999,548.0,71.7
68.5,65.0,69.35,8.0,4452.5,66.75,4750.474999999999,548.0,71.5
68.0,64.0,68.56,10.0,4352.0,66.0,4662.08,680.0,70.7
68.0,64.0,68.56,10.0,4352.0,66.0,4662.08,680.0,65.5
68.0,64.0,68.56,10.0,4352.0,66.0,4662.08,680.0,66.5
68.0,64.0,68.56,10.0,4352.0,66.0,4662.08,680.0,65.2
68.0,64.0,68.56,10.0,4352.0,66.0,4662.08,680.0,61.5
68.0,64.0,68.56,10.0,4352.0,66.0,4662.08,680.0,72.0
68.0,64.0,68.56,10.0,4352.0,66.0,4662.08,680.0,72.0
68.0,64.0,68.56,10.0,4352.0,66.0,4662.08,680.0,68.0
68.0,64.0,68.56,10.0,4352.0,66.0,4662.08,680.0,66.0
68.0,64.0,68.56,10.0,4352.0,66.0,4662.08,680.0,69.2
68.0,64.0,68.56,4.0,4352.0,66.0,4662.08,272.0,68.0
68.0,64.0,68.56,4.0,4352.0,66.0,4662.08,272.0,66.0
68.0,64.0,68.56,4.0,4352.0,66.0,4662.08,272.0,66.0
68.0,64.0,68.56,4.0,4352.0,66.0,4662.08,272.0,62.0
68.0,64.0,68.56,5.0,4352.0,66.0,4662.08,340.0,61.5
68.0,64.0,68.56,5.0,4352.0,66.0,4662.08,340.0,61.0
68.0,64.0,68.56,5.0,4352.0,66.0,4662.08,340.0,60.0
68.0,64.0,68.56,5.0,4352.0,66.0,4662.08,340.0,72.0
68.0,64.0,68.56,5.0,4352.0,66.0,4662.08,340.0,70.5
68.0,64.5,68.83000000000001,1.0,4386.0,66.25,4680.4400000000005,68.0,68.7
68.0,64.0,68.56,10.0,4352.0,66.0,4662.08,680.0,68.5
68.0,64.0,68.56,10.0,4352.0,66.0,4662.08,680.0,67.7
68.0,64.0,68.56,10.0,4352.0,66.0,4662.08,680.0,64.0
68.0,64.0,68.56,10.0,4352.0,66.0,4662.08,680.0,63.5
68.0,64.0,68.56,10.0,4352.0,66.0,4662.08,680.0,63.0
68.0,64.0,68.56,10.0,4352.0,66.0,4662.08,680.0,71.0
68.0,64.0,68.56,10.0,4352.0,66.0,4662.08,680.0,68.0
68.0,64.0,68.56,10.0,4352.0,66.0,4662.08,680.0,68.0
68.0,64.0,68.56,10.0,4352.0,66.0,4662.08,680.0,67.0
68.0,64.0,68.56,10.0,4352.0,66.0,4662.08,680.0,65.0
68.0,63.0,68.02000000000001,8.0,4284.0,65.5,4625.360000000001,544.0,64.0
68.0,63.0,68.02000000000001,8.0,4284.0,65.5,4625.360000000001,544.0,63.0
68.0,63.0,68.02000000000001,8.0,4284.0,65.5,4625.360000000001,544.0,63.0
68.0,63.0,68.02000000000001,8.0,4284.0,65.5,4625.360000000001,544.0,62.0
68.0,63.0,68.02000000000001,8.0,4284.0,65.5,4625.360000000001,544.0,61.0
68.0,63.0,68.02000000000001,8.0,4284.0,65.5,4625.360000000001,544.0,66.0
68.0,63.0,68.02000000000001,8.0,4284.0,65.5,4625.360000000001,544.0,63.0
68.0,63.0,68.02000000000001,8.0,4284.0,65.5,4625.360000000001,544.0,65.5
68.5,63.5,68.53999999999999,4.0,4349.75,66.0,4694.99,274.0,62.0
68.5,63.5,68.53999999999999,4.0,4349.75,66.0,4694.99,274.0,71.2
68.5,63.5,68.53999999999999,4.0,4349.75,66.0,4694.99,274.0,71.2
68.5,63.5,68.53999999999999,4.0,4349.75,66.0,4694.99,274.0,69.0
68.0,63.0,68.02000000000001,1.0,4284.0,65.5,4625.360000000001,68.0,68.5
68.0,63.0,68.02000000000001,4.0,4284.0,65.5,4625.360000000001,272.0,62.5
68.0,63.0,68.02000000000001,4.0,4284.0,65.5,4625.360000000001,272.0,62.0
68.0,63.0,68.02000000000001,4.0,4284.0,65.5,4625.360000000001,272.0,69.0
68.0,63.0,68.02000000000001,4.0,4284.0,65.5,4625.360000000001,272.0,67.0
68.0,63.0,68.02000000000001,8.0,4284.0,65.5,4625.360000000001,544.0,66.0
68.0,63.0,68.02000000000001,8.0,4284.0,65.5,4625.360000000001,544.0,66.0
68.0,63.0,68.02000000000001,8.0,4284.0,65.5,4625.360000000001,544.0,66.0
68.0,63.0,68.02000000000001,8.0,4284.0,65.5,4625.360000000001,544.0,65.0
68.0,63.0,68.02000000000001,8.0,4284.0,65.5,4625.360000000001,544.0,65.0
68.0,63.0,68.02000000000001,8.0,4284.0,65.5,4625.360000000001,544.0,65.0
68.0,63.0,68.02000000000001,8.0,4284.0,65.5,4625.360000000001,544.0,64.0
68.0,63.0,68.02000000000001,8.0,4284.0,65.5,4625.360000000001,544.0,63.0
68.0,63.0,68.02000000000001,6.0,4284.0,65.5,4625.360000000001,408.0,70.5
68.0,63.0,68.02000000000001,6.0,4284.0,65.5,4625.360000000001,408.0,70.0
68.0,63.0,68.02000000000001,6.0,4284.0,65.5,4625.360000000001,408.0,68.0
68.0,63.0,68.02000000000001,6.0,4284.0,65.5,4625.360000000001,408.0,66.0
68.0,63.0,68.02000000000001,6.0,4284.0,65.5,4625.360000000001,408.0,66.0
68.0,63.0,68.02000000000001,6.0,4284.0,65.5,4625.360000000001,408.0,66.0
68.5,63.5,68.53999999999999,1.0,4349.75,66.0,4694.99,68.5,62.0
68.0,63.0,68.02000000000001,1.0,4284.0,65.5,4625.360000000001,68.0,61.5
68.2,63.5,68.39,5.0,4330.7,65.85,4664.198,341.0,73.5
68.2,63.5,68.39,5.0,4330.7,65.85,4664.198,341.0,70.0
68.2,63.5,68.39,5.0,4330.7,65.85,4664.198,341.0,69.5
68.2,63.5,68.39,5.0,4330.7,65.85,4664.198,341.0,65.5
68.2,63.5,68.39,5.0,4330.7,65.85,4664.198,341.0,67.0
68.0,62.5,67.75,1.0,4250.0,65.25,4607.0,68.0,70.0
68.7,62.0,67.83000000000001,2.0,4259.400000000001,65.35,4659.921000000001,137.4,68.0
68.7,62.0,67.83000000000001,2.0,4259.400000000001,65.35,4659.921000000001,137.4,64.5
68.0,62.5,67.75,1.0,4250.0,65.25,4607.0,68.0,64.0
68.0,61.0,66.94,5.0,4148.0,64.5,4551.92,340.0,71.0
68.0,61.0,66.94,5.0,4148.0,64.5,4551.92,340.0,68.0
68.0,61.0,66.94,5.0,4148.0,64.5,4551.92,340.0,66.0
68.0,61.0,66.94,5.0,4148.0,64.5,4551.92,340.0,65.5
68.0,61.0,66.94,5.0,4148.0,64.5,4551.92,340.0,65.0
68.0,60.2,66.50800000000001,1.0,4093.6000000000004,64.1,4522.544000000001,68.0,63.0
68.0,60.0,66.4,7.0,4080.0,64.0,4515.200000000001,476.0,62.0
68.0,60.0,66.4,7.0,4080.0,64.0,4515.200000000001,476.0,62.0
68.0,60.0,66.4,7.0,4080.0,64.0,4515.200000000001,476.0,67.0
68.0,60.0,66.4,7.0,4080.0,64.0,4515.200000000001,476.0,67.0
68.0,60.0,66.4,7.0,4080.0,64.0,4515.200000000001,476.0,66.0
68.0,60.0,66.4,7.0,4080.0,64.0,4515.200000000001,476.0,64.0
68.0,60.0,66.4,7.0,4080.0,64.0,4515.200000000001,476.0,63.5
68.0,60.0,66.4,4.0,4080.0,64.0,4515.200000000001,272.0,61.0
68.0,60.0,66.4,4.0,4080.0,64.0,4515.200000000001,272.0,68.2
68.0,60.0,66.4,4.0,4080.0,64.0,4515.200000000001,272.0,70.0
68.0,60.0,66.4,4.0,4080.0,64.0,4515.200000000001,272.0,70.0
68.5,59.0,66.11,1.0,4041.5,63.75,4528.535,68.5,69.0
68.0,59.0,65.86,10.0,4012.0,63.5,4478.48,680.0,67.0
68.0,59.0,65.86,10.0,4012.0,63.5,4478.48,680.0,65.5
68.0,59.0,65.86,10.0,4012.0,63.5,4478.48,680.0,64.5
68.0,59.0,65.86,10.0,4012.0,63.5,4478.48,680.0,68.5
68.0,59.0,65.86,10.0,4012.0,63.5,4478.48,680.0,67.7
68.0,59.0,65.86,10.0,4012.0,63.5,4478.48,680.0,61.7
68.0,59.0,65.86,10.0,4012.0,63.5,4478.48,680.0,66.5
68.0,59.0,65.86,10.0,4012.0,63.5,4478.48,680.0,68.5
68.0,59.0,65.86,10.0,4012.0,63.5,4478.48,680.0,68.0
68.0,59.0,65.86,10.0,4012.0,63.5,4478.48,680.0,64.0
67.0,66.2,69.248,5.0,4435.400000000001,66.6,4639.616,335.0,63.5
67.0,66.2,69.248,5.0,4435.400000000001,66.6,4639.616,335.0,63.0
67.0,66.2,69.248,5.0,4435.400000000001,66.6,4639.616,335.0,66.7
67.0,66.2,69.248,5.0,4435.400000000001,66.6,4639.616,335.0,64.0
67.0,66.2,69.248,5.0,4435.400000000001,66.6,4639.616,335.0,61.0
67.0,66.5,69.41,1.0,4455.5,66.75,4650.469999999999,67.0,61.0
67.0,66.0,69.14,8.0,4422.0,66.5,4632.38,536.0,60.0
67.0,66.0,69.14,8.0,4422.0,66.5,4632.38,536.0,60.0
67.0,66.0,69.14,8.0,4422.0,66.5,4632.38,536.0,60.0
67.0,66.0,69.14,8.0,4422.0,66.5,4632.38,536.0,56.0
67.0,66.0,69.14,8.0,4422.0,66.5,4632.38,536.0,67.5
67.0,66.0,69.14,8.0,4422.0,66.5,4632.38,536.0,67.0
67.0,66.0,69.14,8.0,4422.0,66.5,4632.38,536.0,66.5
67.0,66.0,69.14,8.0,4422.0,66.5,4632.38,536.0,60.0
67.0,65.0,68.6,6.0,4355.0,66.0,4596.2,402.0,69.0
67.0,65.0,68.6,6.0,4355.0,66.0,4596.2,402.0,68.0
67.0,65.0,68.6,6.0,4355.0,66.0,4596.2,402.0,65.0
67.0,65.0,68.6,6.0,4355.0,66.0,4596.2,402.0,64.7
67.0,65.0,68.6,6.0,4355.0,66.0,4596.2,402.0,64.0
67.0,65.0,68.6,6.0,4355.0,66.0,4596.2,402.0,64.0
67.0,65.5,68.87,5.0,4388.5,66.25,4614.29,335.0,63.0
67.0,65.5,68.87,5.0,4388.5,66.25,4614.29,335.0,65.0
67.0,65.5,68.87,5.0,4388.5,66.25,4614.29,335.0,65.0
67.0,65.5,68.87,5.0,4388.5,66.25,4614.29,335.0,62.0
67.0,65.5,68.87,5.0,4388.5,66.25,4614.29,335.0,61.0
67.0,65.5,68.87,4.0,4388.5,66.25,4614.29,268.0,72.7
67.0,65.5,68.87,4.0,4388.5,66.25,4614.29,268.0,72.7
67.0,65.5,68.87,4.0,4388.5,66.25,4614.29,268.0,71.5
67.0,65.5,68.87,4.0,4388.5,66.25,4614.29,268.0,65.5
67.0,65.0,68.6,3.0,4355.0,66.0,4596.2,201.0,63.5
67.0,65.0,68.6,3.0,4355.0,66.0,4596.2,201.0,71.0
67.0,65.0,68.6,3.0,4355.0,66.0,4596.2,201.0,73.0
67.5,65.0,68.85,11.0,4387.5,66.25,4647.375,742.5,71.0
67.5,65.0,68.85,11.0,4387.5,66.25,4647.375,742.5,70.7
67.5,65.0,68.85,11.0,4387.5,66.25,4647.375,742.5,70.0
67.5,65.0,68.85,11.0,4387.5,66.25,4647.375,742.5,69.0
67.5,65.0,68.85,11.0,4387.5,66.25,4647.375,742.5,68.0
67.5,65.0,68.85,11.0,4387.5,66.25,4647.375,742.5,65.5
67.5,65.0,68.85,11.0,4387.5,66.25,4647.375,742.5,62.0
67.5,65.0,68.85,11.0,4387.5,66.25,4647.375,742.5,69.7
67.5,65.0,68.85,11.0,4387.5,66.25,4647.375,742.5,67.5
67.5,65.0,68.85,11.0,4387.5,66.25,4647.375,742.5,65.5
67.5,65.0,68.85,11.0,4387.5,66.25,4647.375,742.5,65.0
67.0,64.0,68.06,4.0,4288.0,65.5,4560.02,268.0,64.5
67.0,64.0,68.06,4.0,4288.0,65.5,4560.02,268.0,63.5
67.0,64.0,68.06,4.0,4288.0,65.5,4560.02,268.0,70.0
67.0,64.0,68.06,4.0,4288.0,65.5,4560.02,268.0,69.0
67.0,63.5,67.78999999999999,8.0,4254.5,65.25,4541.929999999999,536.0,65.5
67.0,63.5,67.78999999999999,8.0,4254.5,65.25,4541.929999999999,536.0,65.5
67.0,63.5,67.78999999999999,8.0,4254.5,65.25,4541.929999999999,536.0,63.0
67.0,63.5,67.78999999999999,8.0,4254.5,65.25,4541.929999999999,536.0,70.0
67.0,63.5,67.78999999999999,8.0,4254.5,65.25,4541.929999999999,536.0,67.7
67.0,63.5,67.78999999999999,8.0,4254.5,65.25,4541.929999999999,536.0,63.0
67.0,63.5,67.78999999999999,8.0,4254.5,65.25,4541.929999999999,536.0,60.0
67.0,63.5,67.78999999999999,8.0,4254.5,65.25,4541.929999999999,536.0,65.0
67.0,63.0,67.52000000000001,3.0,4221.0,65.0,4523.840000000001,201.0,62.0
67.0,63.0,67.52000000000001,3.0,4221.0,65.0,4523.840000000001,201.0,62.0
67.0,63.0,67.52000000000001,3.0,4221.0,65.0,4523.840000000001,201.0,71.0
67.5,62.0,67.23,5.0,4185.0,64.75,4538.025000000001,337.5,69.0
67.5,62.0,67.23,5.0,4185.0,64.75,4538.025000000001,337.5,64.0
67.5,62.0,67.23,5.0,4185.0,64.75,4538.025000000001,337.5,64.0
67.5,62.0,67.23,5.0,4185.0,64.75,4538.025000000001,337.5,63.0
67.5,62.0,67.23,5.0,4185.0,64.75,4538.025000000001,337.5,63.0
67.0,61.0,66.44,1.0,4087.0,64.0,4451.48,67.0,63.0
66.0,67.0,69.18,8.0,4422.0,66.5,4565.88,528.0,63.0
66.0,67.0,69.18,8.0,4422.0,66.5,4565.88,528.0,63.0
66.0,67.0,69.18,8.0,4422.0,66.5,4565.88,528.0,62.5
66.0,67.0,69.18,8.0,4422.0,66.5,4565.88,528.0,62.0
66.0,67.0,69.18,8.0,4422.0,66.5,4565.88,528.0,71.5
66.0,67.0,69.18,8.0,4422.0,66.5,4565.88,528.0,70.0
66.0,67.0,69.18,8.0,4422.0,66.5,4565.88,528.0,67.0
66.0,67.0,69.18,8.0,4422.0,66.5,4565.88,528.0,67.0
66.0,67.0,69.18,9.0,4422.0,66.5,4565.88,594.0,71.0
66.0,67.0,69.18,9.0,4422.0,66.5,4565.88,594.0,70.2
66.0,67.0,69.18,9.0,4422.0,66.5,4565.88,594.0,69.2
66.0,67.0,69.18,9.0,4422.0,66.5,4565.88,594.0,68.5
66.0,67.0,69.18,9.0,4422.0,66.5,4565.88,594.0,68.0
66.0,67.0,69.18,9.0,4422.0,66.5,4565.88,594.0,67.0
66.0,67.0,69.18,9.0,4422.0,66.5,4565.88,594.0,65.5
66.0,67.0,69.18,9.0,4422.0,66.5,4565.88,594.0,63.5
66.0,67.0,69.18,9.0,4422.0,66.5,4565.88,594.0,69.0
66.0,66.0,68.64,5.0,4356.0,66.0,4530.24,330.0,68.0
66.0,66.0,68.64,5.0,4356.0,66.0,4530.24,330.0,63.0
66.0,66.0,68.64,5.0,4356.0,66.0,4530.24,330.0,70.0
66.0,66.0,68.64,5.0,4356.0,66.0,4530.24,330.0,69.5
66.0,66.0,68.64,5.0,4356.0,66.0,4530.24,330.0,69.0
66.0,66.0,68.64,6.0,4356.0,66.0,4530.24,396.0,68.5
66.0,66.0,68.64,6.0,4356.0,66.0,4530.24,396.0,66.0
66.0,66.0,68.64,6.0,4356.0,66.0,4530.24,396.0,67.0
66.0,66.0,68.64,6.0,4356.0,66.0,4530.24,396.0,70.5
66.0,66.0,68.64,6.0,4356.0,66.0,4530.24,396.0,70.5
66.0,66.0,68.64,6.0,4356.0,66.0,4530.24,396.0,67.0
66.5,65.0,68.35,8.0,4322.5,65.75,4545.275,532.0,66.0
66.5,65.0,68.35,8.0,4322.5,65.75,4545.275,532.0,66.0
66.5,65.0,68.35,8.0,4322.5,65.75,4545.275,532.0,62.0
66.5,65.0,68.35,8.0,4322.5,65.75,4545.275,532.0,62.0
66.5,65.0,68.35,8.0,4322.5,65.75,4545.275,532.0,61.5
66.5,65.0,68.35,8.0,4322.5,65.75,4545.275,532.0,72.0
66.5,65.0,68.35,8.0,4322.5,65.75,4545.275,532.0,65.0
66.5,65.0,68.35,8.0,4322.5,65.75,4545.275,532.0,65.0
66.0,65.5,68.37,5.0,4323.0,65.75,4512.42,330.0,67.0
66.0,65.5,68.37,5.0,4323.0,65.75,4512.42,330.0,64.0
66.0,65.5,68.37,5.0,4323.0,65.75,4512.42,330.0,64.0
66.0,65.5,68.37,5.0,4323.0,65.75,4512.42,330.0,62.0
66.0,65.5,68.37,5.0,4323.0,65.75,4512.42,330.0,60.0
66.0,63.0,67.02000000000001,1.0,4158.0,64.5,4423.320000000001,66.0,60.0
66.0,63.5,67.28999999999999,2.0,4191.0,64.75,4441.139999999999,132.0,66.0
66.0,63.5,67.28999999999999,2.0,4191.0,64.75,4441.139999999999,132.0,65.0
66.5,63.0,67.27000000000001,6.0,4189.5,64.75,4473.455000000001,399.0,67.0
66.5,63.0,67.27000000000001,6.0,4189.5,64.75,4473.455000000001,399.0,66.5
66.5,63.0,67.27000000000001,6.0,4189.5,64.75,4473.455000000001,399.0,65.5
66.5,63.0,67.27000000000001,6.0,4189.5,64.75,4473.455000000001,399.0,72.0
66.5,63.0,67.27000000000001,6.0,4189.5,64.75,4473.455000000001,399.0,68.0
66.5,63.0,67.27000000000001,6.0,4189.5,64.75,4473.455000000001,399.0,66.0
66.5,62.5,67.0,7.0,4156.25,64.5,4455.5,465.5,65.0
66.5,62.5,67.0,7.0,4156.25,64.5,4455.5,465.5,62.0
66.5,62.5,67.0,7.0,4156.25,64.5,4455.5,465.5,61.0
66.5,62.5,67.0,7.0,4156.25,64.5,4455.5,465.5,68.7
66.5,62.5,67.0,7.0,4156.25,64.5,4455.5,465.5,68.5
66.5,62.5,67.0,7.0,4156.25,64.5,4455.5,465.5,66.5
66.5,62.5,67.0,7.0,4156.25,64.5,4455.5,465.5,64.5
66.0,61.5,66.21000000000001,1.0,4059.0,63.75,4369.860000000001,66.0,62.5
66.0,60.0,65.4,4.0,3960.0,63.0,4316.400000000001,264.0,60.5
66.0,60.0,65.4,4.0,3960.0,63.0,4316.400000000001,264.0,60.5
66.0,60.0,65.4,4.0,3960.0,63.0,4316.400000000001,264.0,57.5
66.0,60.0,65.4,4.0,3960.0,63.0,4316.400000000001,264.0,72.0
66.0,60.0,65.4,1.0,3960.0,63.0,4316.400000000001,66.0,71.0
65.0,67.0,68.68,4.0,4355.0,66.0,4464.200000000001,260.0,67.0
65.0,67.0,68.68,4.0,4355.0,66.0,4464.200000000001,260.0,66.0
65.0,67.0,68.68,4.0,4355.0,66.0,4464.200000000001,260.0,65.0
65.0,67.0,68.68,4.0,4355.0,66.0,4464.200000000001,260.0,70.0
65.0,67.0,68.68,1.0,4355.0,66.0,4464.200000000001,65.0,64.5
65.0,66.0,68.14,4.0,4290.0,65.5,4429.1,260.0,62.0
65.0,66.0,68.14,4.0,4290.0,65.5,4429.1,260.0,67.2
65.0,66.0,68.14,4.0,4290.0,65.5,4429.1,260.0,67.0
65.0,66.0,68.14,4.0,4290.0,65.5,4429.1,260.0,65.0
65.0,66.0,68.14,5.0,4290.0,65.5,4429.1,325.0,65.0
65.0,66.0,68.14,5.0,4290.0,65.5,4429.1,325.0,65.0
65.0,66.0,68.14,5.0,4290.0,65.5,4429.1,325.0,63.0
65.0,66.0,68.14,5.0,4290.0,65.5,4429.1,325.0,70.0
65.0,66.0,68.14,5.0,4290.0,65.5,4429.1,325.0,68.0
65.0,65.0,67.6,9.0,4225.0,65.0,4394.0,585.0,63.5
65.0,65.0,67.6,9.0,4225.0,65.0,4394.0,585.0,62.5
65.0,65.0,67.6,9.0,4225.0,65.0,4394.0,585.0,62.5
65.0,65.0,67.6,9.0,4225.0,65.0,4394.0,585.0,62.5
65.0,65.0,67.6,9.0,4225.0,65.0,4394.0,585.0,62.5
65.0,65.0,67.6,9.0,4225.0,65.0,4394.0,585.0,70.0
65.0,65.0,67.6,9.0,4225.0,65.0,4394.0,585.0,68.0
65.0,65.0,67.6,9.0,4225.0,65.0,4394.0,585.0,67.0
65.0,65.0,67.6,9.0,4225.0,65.0,4394.0,585.0,65.0
65.0,65.5,67.87,2.0,4257.5,65.25,4411.55,130.0,60.0
65.0,65.5,67.87,2.0,4257.5,65.25,4411.55,130.0,65.0
65.0,65.0,67.6,6.0,4225.0,65.0,4394.0,390.0,
65.0,65.0,67.6,6.0,4225.0,65.0,4394.0,390.0,
65.0,65.0,67.6,6.0,4225.0,65.0,4394.0,390.0,
65.0,65.0,67.6,6.0,4225.0,65.0,4394.0,390.0,
65.0,65.0,67.6,6.0,4225.0,65.0,4394.0,390.0,
65.0,65.0,67.6,6.0,4225.0,65.0,4394.0,390.0,
65.0,64.0,67.06,6.0,4160.0,64.5,4358.900000000001,390.0,
65.0,64.0,67.06,6.0,4160.0,64.5,4358.900000000001,390.0,
65.0,64.0,67.06,6.0,4160.0,64.5,4358.900000000001,390.0,
65.0,64.0,67.06,6.0,4160.0,64.5,4358.900000000001,390.0,
65.0,64.0,67.06,6.0,4160.0,64.5,4358.900000000001,390.0,
65.0,64.0,67.06,6.0,4160.0,64.5,4358.900000000001,390.0,
65.0,63.0,66.52000000000001,2.0,4095.0,64.0,4323.800000000001,130.0,
65.0,63.0,66.52000000000001,2.0,4095.0,64.0,4323.800000000001,130.0,
65.0,63.0,66.52000000000001,3.0,4095.0,64.0,4323.800000000001,195.0,
65.0,63.0,66.52000000000001,3.0,4095.0,64.0,4323.800000000001,195.0,66.5
65.0,63.0,66.52000000000001,3.0,4095.0,64.0,4323.800000000001,195.0,66.0
65.5,63.0,66.77000000000001,4.0,4126.5,64.25,4373.435,262.0,66.0
65.5,63.0,66.77000000000001,4.0,4126.5,64.25,4373.435,262.0,65.0
65.5,63.0,66.77000000000001,4.0,4126.5,64.25,4373.435,262.0,63.0
65.5,63.0,66.77000000000001,4.0,4126.5,64.25,4373.435,262.0,63.0
65.5,60.0,65.15,5.0,3930.0,62.75,4267.325000000001,327.5,63.0
65.5,60.0,65.15,5.0,3930.0,62.75,4267.325000000001,327.5,63.0
65.5,60.0,65.15,5.0,3930.0,62.75,4267.325000000001,327.5,60.0
65.5,60.0,65.15,5.0,3930.0,62.75,4267.325000000001,327.5,67.0
65.5,60.0,65.15,5.0,3930.0,62.75,4267.325000000001,327.5,66.0
64.0,64.0,66.56,7.0,4096.0,64.0,4259.84,448.0,65.0
64.0,64.0,66.56,7.0,4096.0,64.0,4259.84,448.0,65.0
64.0,64.0,66.56,7.0,4096.0,64.0,4259.84,448.0,61.0
64.0,64.0,66.56,7.0,4096.0,64.0,4259.84,448.0,69.0
64.0,64.0,66.56,7.0,4096.0,64.0,4259.84,448.0,68.0
64.0,64.0,66.56,7.0,4096.0,64.0,4259.84,448.0,68.0
64.0,64.0,66.56,7.0,4096.0,64.0,4259.84,448.0,65.0
64.0,64.0,66.56,7.0,4096.0,64.0,4259.84,448.0,65.0
64.0,64.0,66.56,7.0,4096.0,64.0,4259.84,448.0,62.0
64.0,64.0,66.56,7.0,4096.0,64.0,4259.84,448.0,62.0
64.0,64.0,66.56,7.0,4096.0,64.0,4259.84,448.0,61.0
64.0,64.0,66.56,7.0,4096.0,64.0,4259.84,448.0,59.0
64.0,64.0,66.56,7.0,4096.0,64.0,4259.84,448.0,70.7
64.0,64.0,66.56,7.0,4096.0,64.0,4259.84,448.0,65.5
63.0,63.5,65.78999999999999,2.0,4000.5,63.25,4144.7699999999995,126.0,69.2
63.0,63.5,65.78999999999999,2.0,4000.5,63.25,4144.7699999999995,126.0,69.0
62.0,66.0,66.64,3.0,4092.0,64.0,4131.68,186.0,68.0
62.0,66.0,66.64,3.0,4092.0,64.0,4131.68,186.0,67.7
62.0,66.0,66.64,3.0,4092.0,64.0,4131.68,186.0,64.5
